url,title,description,content
https://dantri.com.vn/du-lich/bao-han-cam-on-nguoi-viet-tim-ra-cu-ba-di-lac-va-tu-choi-nhan-13-trieu-dong-20251108235012192.htm,Báo Hàn cảm ơn người Việt tìm ra cụ bà đi lạc và từ chối nhận 13 triệu đồng,"(Dân trí) - Nhiều hãng truyền thông tại Hàn Quốc chia sẻ về câu chuyện một chủ tiệm trái cây ở Phú Quốc hỗ trợ tìm cụ bà người Hàn đi lạc. Sau khi tìm thấy bà cụ, người đàn ông từ chối nhận tiền cảm ơn.","Câu chuyện về một chủ tiệm bán trái cây ở Phú Quốc nhiệt tình hỗ trợ, giúp đỡ tìm kiếm cụ bà người Hàn Quốc bị mất trí nhớ và đi lạc khi tới đâydu lịchcùng gia đình, đang nhận được sự quan tâm đặc biệt của dư luận Hàn Quốc.
Báo Hàn cảm ơn người đàn ông Việt giúp cụ bà đi lạc (Nguồn video: JTBC News).
Ngày 5/11, tờYonhap(Hàn Quốc) đưa tin về vụ việc xảy ra vào ngày 2/11. Một chủ tiệm bán trái cây trên đường Trần Hưng Đạo ở đặc khu Phú Quốc (tỉnh An Giang) bất ngờ nhận được lời cầu cứu của một du khách Hàn Quốc (gọi tắt là anh A.).
Anh A. cho biết, gia đình đang có chuyến du lịch tới Phú Quốc. Cả nhà cùng mua sắm tại siêu thị gần đó, người mẹ 70 tuổi của anh đã tự chống gậy đi bộ lang thang ra ngoài nhân lúc không ai để ý.
Sau khi nhờ người tìm khắp siêu thị nhưng không thấy, anh A. rất sợ hãi. Mẹ anh tuổi đã cao, sức khỏe không quá tốt, lại thêm mắc chứng mất trí nhớ.
Vì không biết tìm mẹ ở đâu, anh A. cùng một người Việt Nam trong đoàn chạy ra ngoài nhờ trợ giúp. Khi đi qua cửa tiệm bán trái cây của anh Hoàng Phương, anh A. thấy có gắn camera giám sát hướng về phía ngoài đường, nên ngỏ ý muốn nhờ chủ tiệm kiểm tra giúp xem liệu mẹ anh có đi ngang qua hay không.
Thấy du khách hoảng sợ, anh Phương trấn an, đồng thời kiểm tra toàn bộ camera an ninh tại cửa hàng.
Khi thấy hình ảnh bà cụ vừa đi qua trước cửa cách đó chừng một tiếng, anh Phương đăng thông tin tìm kiếm lên các hội nhóm người dân sống tại Phú Quốc. Cùng với đó, anh lấy xe máy đưa anh A. chạy khắp các khu vực lân cận để tìm kiếm.
Chủ tiệm trái cây ở Phú Quốc tìm kiếm 2 tiếng mới thấy cụ bà Hàn Quốc (Nguồn video: Nhân vật cung cấp).
Anh A. không biết tiếng Việt và anh Phương không biết tiếng Hàn nên cả hai phải trò chuyện qua phần mềm dịch thuật trên điện thoại.
Vị khách Hàn Quốc cho biết, anh Phương lần tìm được thông tin về bà cụ nhờ sự chỉ dẫn của người bán hàng bên đường và cộng đồng mạng chung tay hỗ trợ.
Sau khoảng 2 tiếng tìm kiếm liên tục, anh Phương phát hiện thấy bà cụ đang đi bộ một mình ở khu vực cách vị trí ban đầu gần 5km. Anh đưa hai mẹ con về nhà, chờ xe của đoàn khách du lịch tới đón.
Quá xúc động, anh A. gửi tặng anh Phương 500 USD (gần 13 triệu đồng) để cảm ơn, nhưng chủ tiệm trái cây kiên quyết từ chối. Biết không thể ép anh nhận tiền, vị khách Hàn Quốc chỉ biết cúi đầu bày tỏ lòng biết ơn sâu sắc.
Về phần mình, anh Phương chia sẻ, anh chỉ mong mọi người biết rằng người dân Phú Quốc luôn thân thiện, ấm áp, sẵn lòng giúp đỡ bất cứ ai khi có thể, đặc biệt là du khách từ phương xa.
Những ngày sau đó, hàng loạt tờ báo, kênh truyền thông của Hàn Quốc nhưSBS News, JTBC Newsđưa tin về sự việc này. Nhiều tờ báo gửi lời cảm ơn tới chủ tiệm trái cây ở Phú Quốc vì nghĩa cử cao đẹp.
Trên nhiều nền tảng mạng xã hội của ""xứ sở kim chi"", cộng đồng mạng nước này cũng bàn luận sôi nổi. Nhiều người gọi đây là ""món quà ấm lòng nhất ở Phú Quốc"".
""Tôi rất xúc động khi đọc được câu chuyện ấm lòng như thế. Tháng 1/2026, tôi đang băn khoăn nên chọn giữa Phú Quốc ở Việt Nam hay Phuket (Thái Lan), nhưng giờ đã có câu trả lời. Người dân ở đây có trái tim thật nồng hậu"", tài khoản có tên Jinan Jollyeong chia sẻ.
""Bạn bè tôi đã đi Phú Quốc, Nha Trang và Đà Nẵng. Họ khen ở đây khí hậu tuyệt vời, đồ ăn ngon và con người thân thiện. Vì vậy, tôi sẽ đi Phú Quốc vào thời gian tới"", tài khoản có tên Duboo Appa nói."
https://dantri.com.vn/du-lich/pin-sac-du-phong-phat-no-trong-tui-quan-nguoi-dan-ong-boc-chay-o-san-bay-20251108225126589.htm,"Pin sạc dự phòng phát nổ trong túi quần, người đàn ông ""bốc cháy"" ở sân bay",(Dân trí) - Một người đàn ông khoảng ngoài 50 tuổi đã bị bỏng nhẹ ở tay và chân sau khi pin sạc dự phòng trong túi quần bất ngờ phát nổ tại sân bay quốc tế Melbourne (Australia).,"Sự cố xảy ra vào khoảng 11h ngày 6/11 tại phòng chờ hạng thương gia quốc tế của hãng hàng không Qantas. Nhân chứng kể lại rằng họ nghe thấy tiếng la hét của một người đàn ông, khi ông cố gắng lấy thiết bị sạc dự phòng phát nổ và đang cháy ra khỏi túi.
Lúc đó có khoảng 150 người trong phòng chờ. Toàn bộ khu vực nhanh chóng được sơ tán và đóng cửa trong 2 giờ để đảm bảo an toàn. Đại diện hãng Qantas cho biết: “Phòng chờ được sơ tán theo quy trình an toàn. Nhân viên y tế đã có mặt và xử lý ngay tại chỗ cho hành khách”.
Bên trong sân bay quốc tế Melbourne ở Australia (Ảnh: People).
Người đàn ông được điều trị bỏng nhẹ ở các ngón tay và chân, sau đó được chuyển đến bệnh viện trong tình trạng ổn định. Theo truyền thông địa phương, ông đã được xuất viện không lâu sau đó.
Một người tự nhận là nhân chứng chia sẻ: “Áo khoác của ông ấy bắt lửa và bốc cháy. Mọi người phải sơ tán khỏi khu vực vì khói và mùi khét quá nặng”.
Leanna Tonkes - nhà sản xuất phim người Australia, cũng là người có mặt tại phòng chờ khi vụ việc xảy ra - viết trên Instagram: “Hy vọng người đàn ông đó không sao. Thật may có người nhanh trí lao vào giúp ông ấy. Nhân viên cũng phản ứng rất kịp thời. Họ đưa ông ấy vào phòng tắm để sơ cứu và hướng dẫn mọi người rời khỏi khu vực”.
Trong bức ảnh cô chia sẻ, khu vực nơi vụ cháy diễn ra được bao quanh bởi biển cảnh báo sàn ướt. Ở giữa là chiếc pin sạc dự phòng cháy đen, phủ đầy tro.
Các thiết bị sạc dự phòng sử dụng pin lithium, thời gian gần đây liên tục bị “đặt trong tầm ngắm”, sau nhiều vụ cháy xảy ra trên máy bay. Tháng trước, một cục pin lithium khác đã bốc cháy trong khoang hành lý phía trên đầu hành khách trong chuyến bay của Air China.
Theo đoạn video được hành khách ghi lại, khói và lửa bốc ra từ ngăn chứa đồ. Hãng hàng không cho biết tổ bay đã “xử lý tình huống đúng quy trình” và không có ai bị thương.
Tại Mỹ, theo quy định của Cơ quan An ninh Vận tải (TSA), pin lithium - bao gồm cả pin sạc dự phòng - được phép mang lên máy bay nhưng chỉ để trong hành lý xách tay, tuyệt đối không được để trong hành lý ký gửi.
Đầu năm nay, hãng Southwest Airlines cũng siết chặt quy định, cấm hành khách sử dụng pin lithium khi chúng vẫn nằm trong túi xách hoặc ba lô, nhằm giảm thiểu rủi ro cháy nổ."
https://dantri.com.vn/du-lich/giai-ma-nhung-tieng-no-nhu-sung-vang-len-tu-duoi-long-ho-keo-dai-400-nam-20251109112425801.htm,Giải mã những tiếng nổ như súng vang lên từ dưới lòng hồ kéo dài 400 năm,(Dân trí) - Những âm thanh như tiếng nổ phát ra từ dưới lòng hồ Seneca (Mỹ) đã có lời giải đáp sau 400 năm. Đôi khi con người cần cả thời gian và sự kiên nhẫn để vén màn bí ẩn mà thiên nhiên từng giấu kín.,"Âm thanh như tiếng súng dưới lòng hồ
Trong suốt nhiều thế kỷ, các chuyên gia từng đau đầu trước hiện tượng bí ẩn mang tên ""Seneca’s Gun"" (tạm dịch: Tiếng súng Seneca). Đây là những tiếng nổ vang rền phát ra từ dưới lòng hồ Seneca thuộc bang New York (Mỹ).
Ghi chép về những vụ nổ lớn tại đây đã xuất hiện từ thế kỷ 17. Song, truyền thuyết quanh hiện tượng đặc biệt này còn xuất hiện từ xa xưa hơn.
Người Seneca vốn là một bộ tộc thổ dân bản địa sinh sống quanh hồ. Họ tin rằng những tiếng nổ đó là tiếng nói của vị thần nổi giận, trừng phạt các chiến binh đã xúc phạm vùng đất săn bắn linh thiêng.
Trong khi đó, những người khai hoang đầu tiên lại có câu chuyện truyền miệng. Trong đó, âm thanh phát ra từ lòng hồ là tiếng trống của linh hồn các binh sĩ tử trận.
Phải đến thế kỷ 20, các giả thuyết khoa học mới bắt đầu xuất hiện. Song, tất cả đều thiếu bằng chứng xác thực cho tới năm nay, khi một nhóm nhà nghiên cứu sử dụng thiết bị hiện đại để lập bản đồ đáy hồ Seneca và tìm ra lời giải.
Từ rất lâu, ""tiếng súng Seneca” được xem là một hiện tượng tự nhiên mà mọi quy luật vật lý đều không thể giải thích.
Tuy nhiên, vào năm 1934, nhà địa chất học người Đức Herman Fairchild đã đưa ra giả thuyết về hiện tượng phun trào khí ngầm. Ông cho rằng, khí metan bị kẹt dưới lòng đất đã bùng phát qua lớp đáy hồ, tạo nên âm thanh nổ lớn khi vỡ tung trên mặt nước.
Giả thuyết này được xem là hợp lý nhất. Nhưng suốt nhiều thập kỷ, không ai có thể chứng minh điều này liệu có chính xác hay không.
Dù nhiều nhóm nghiên cứu đã sử dụng máy đo sonar và thiết bị phát hiện khí ngầm, hiện tượng lại xảy ra hoàn toàn ngẫu nhiên, khiến việc quan sát và ghi nhận trở nên bất khả thi.
Bất ngờ từ cuộc khảo sát xác tàu đắm
Bước ngoặt xuất hiện trong chiến dịch khảo sát hồ Seneca giai đoạn 2018-2024. Mục tiêu ban đầu của nhóm là ghi lại hình ảnh xác tàu hơi nước thế kỷ 19 nằm dưới đáy hồ.
Thiết bị hiện đại đã giúp nhóm chuyên gia phát hiện hơn 140 hố khổng lồ với đường kính từ vài chục đến vài trăm mét.
Nhóm chuyên gia nghi ngờ rằng, địa hình bất thường này có liên quan đến hiện tượng tiếng nổ. Giả thuyết này được xác nhận vào đầu năm nay.
Sau đó, nhóm nghiên cứu liên kết giữa Trường Khoa học Môi trường và Lâm nghiệp thuộc Đại học Bang New York và Đại học Cornell cùng thu thập mẫu nước và trầm tích tại nhiều điểm trên đáy hồ để phân tích.
Kết quả xác nhận giả thuyết năm 1934 của nhà địa chất người Đức có tên Fairchild. Trong đó, lượng khí metan tích tụ dưới lòng đất trong thời gian dài sẽ tạo áp lực cực lớn. Khi chúng đạt đến một mức giới hạn sẽ phun trào xuyên qua lớp đáy hồ, rồi vỡ tung.
Quá trình này tạo ra sóng xung kích, gây nên tiếng nổ trầm đục như tiếng đại bác. Đây chính là hiện tượng mà người dân quanh vùng nghe thấy suốt hàng thế kỷ.
Khu vực quanh hồ Seneca còn nổi tiếng hơn khi là nơi sinh sống của đàn hươu trắng lớn nhất thế giới. Điều này đã tạo ra một nét đặc trưng kỳ lạ khác khiến nơi đây càng thêm bí ẩn, thu hút những du khách mê khám phá.
Mang trong mình bí ẩn kéo dài hàng trăm năm nhưng từ lâu hồ Seneca đã trở thành điểmdu lịchhút khách. Những dịch vụ phổ biến ở đây bao gồm tham gia du thuyền ngắm hoàng hôn trên hồ. Bốn khu vực bao quanh hồ đều có bến thuyền và khu neo đậu phục vụ khách du lịch.
Ngoài ra, câu cá cũng là hoạt động không thể thiếu. Du khách có thể thuê thuyền cùng hướng dẫn viên chuyên nghiệp để được đưa tới vị trí câu tốt nhất trên hồ. Phía bắc của hồ là công viên có khu vui chơi phun nước và bãi tắm an toàn cho cả gia đình."
https://dantri.com.vn/du-lich/chu-nha-hang-o-quy-nhon-lac-giong-vi-mat-trang-4-ty-dong-sau-bao-kalmaegi-20251108104100115.htm,Chủ nhà hàng ở Quy Nhơn lạc giọng vì mất trắng 4 tỷ đồng sau bão Kalmaegi,"(Dân trí) - Bão Kalmaegi (cơn bão số 13) sau khi càn quét qua các tỉnh miền Trung, đã tàn phá hàng loạt nhà hàng, khu nghỉ dưỡng ven biển ở khu vực Quy Nhơn, tỉnh Gia Lai.","Sáng 8/11, anh Khoa Tân - chủ hệ thống nhà hàng Mr. Mộc trên đường Nguyễn Thị Định (phường Quy Nhơn Nam, tỉnh Gia Lai) - cùng nhân viên thu dọn đống đổ nát.
Người đàn ông gần như lạc giọng, thất thần khi chứng kiến cơ ngơi gây dựng suốt nhiều năm bị sập hoàn toàn.
Trong bốn cơ sở kinh doanh ăn uống được anh vất vả tạo dựng, hai nhà hàng bị sập hoàn toàn chỉ còn trơ lại khung sắt. Hai cơ sở còn lại cũng bị hư hỏng nghiêm trọng. Trước đó, mỗi cơ sở này có thể đón tối đa hàng trăm khách mỗi ngày.
""Tổng thiệt hại lên tới 4 tỷ đồng. Chưa bao giờ tôi chứng kiến trận mưa bão nào lớn như vậy. Thiệt hại lần này cũng lớn chưa từng có"", anh Tân trao đổi với phóng viênDân trí.
Khi nghe tin dự báo thời tiết về việc bão Kalmaegi (cơn bão số 13) dự kiến đổ bộ vào các tỉnh miền Trung, anh Tân huy động toàn bộ nhân viên gia cố kỹ càng hàng quán của mình.
Nhà hàng thiết kế chủ yếu bằng tường kính và mái tôn. 20h ngày 6/11 khi bão đổ bộ, gió quật mạnh khiến mái tôn và tường kính không trụ nổi, sập hoàn toàn.
Toàn bộ hệ thống nội thất từ bàn ghế, máy móc cho tới thiết bị bếp cũng hư hỏng nặng. Anh Tân cho biết phải tạm gác nỗi buồn để xây dựng lại từ đầu.
Ngay từ ngày 7/11, chủ cơ sở kinh doanh đôn đáo gọi điện tìm thợ tới sửa chữa để nhanh chóng khắc phục hậu quả. Anh ước tính phải mất cả tháng để khôi phục hai cơ sở ăn uống đã bị sập hoàn toàn.
Cách đó khoảng 4km, anh Tô Thành Công, chủ một nhà hàng hải sản nổi tiếng nằm trên đường Xuân Diệu, cũng đang tìm thợ để sửa chữa cơ sở kinh doanh của mình.
""Sống ở Quy Nhơn mấy chục năm, tôi không tưởng tượng nổi cơn bão lại nguy hiểm như vậy"", anh Công nói.
Chủ cơ sở cho biết, nhà hàng hải sản bị gió quật làm vỡ toàn bộ tường làm từ kính cường lực, mái bị tốc, hệ thống đèn bên trong cũng hỏng. Bàn ghế nội thất phía trong bị hỏng quá một nửa. Sáng 8/11, khu vực nơi anh Công sinh sống vẫn chưa có điện, nước sinh hoạt, đường truyền Internet.
Biết trước cơn bão có cường độ mạnh, các nhân viên nhà hàng sớm phòng chống bằng cách chặn cửa, dọn gọn đồ kê lên cao nhưng không ăn thua. Anh Công ước tính sau trận bão, nhà hàng thiệt hại hơn 100 triệu đồng.
Tương tự, nhiều khu nghỉ dưỡng cao cấp ven biển cũng bị thiệt hại nặng. Đại diện một khu nghỉ dưỡng 5 sao thuộc phường Ghềnh Ráng cho biết, sóng lớn ập vào làm vỡ hàng loạt hệ thống cường lực, gây ngập bên trong. Sau bão, cơ sở lưu trú này dự kiến phải thay mới nhiều đồ nội thất.
""Hơn chục năm kinh doanh, chưa bao giờ chúng tôi bị tổn thất cơ sở vật chất nặng nề như lần này"", đại diện khu lưu trú chia sẻ.
Chủ một cửa tiệm cà phê nằm ở góc đường Đặng Văn Ngữ thuộc phường Quy Nhơn Nam cũng thất thần nhìn cơ sở kinh doanh của mình bị vỡ vụn toàn bộ cửa kính và tốc mái. Con số thiệt hại lên tới 800 triệu đồng trong khi cơ sở mới hoạt động chưa tới một năm.
""Tôi đã dốc toàn bộ tiền tiết kiệm để gây dựng cơ sở này, nhưng giờ cũng tan tành. Sức tàn phá của cơn bão quá khủng khiếp"", anh M.T. nói.
Bão Kalmaegi (bão số 13) quét qua nhiều tỉnh, thành ven biển miền Trung để lại hậu quả nặng nề. Sau hơn 5 giờ quần thảo với sức gió có lúc cấp 13, bão Kalmaegi gây thiệt hại nặng cho các tỉnh như Đắk Lắk, Gia Lai.
Theo thông tin được Cục Quản lý đê điều và Phòng chống thiên tai (Bộ Nông nghiệp và Môi trường) đưa ra tối 7/11, tỉnh Gia Lai thiệt hại 5.000 tỷ đồng, còn Đắk Lắk bước đầu ghi nhận thiệt hại 2.050 tỷ đồng.
Thống kê cho thấy bão số 13 làm 5 người chết, 6 người bị thương; 52 nhà ở Gia Lai, Đắk Lắk bị sập; hư hỏng, tốc mái gần 2.600 nhà; 9 tàu bị sóng đánh chìm."
https://dantri.com.vn/du-lich/lang-ngoi-am-duong-tram-nam-o-lang-son-hut-khach-20251107183338459.htm,Làng ngói âm dương trăm năm ở Lạng Sơn hút khách,(Dân trí) - Làng nghề làm ngói âm dương được giữ lửa suốt trăm năm ở Lạng Sơn nay khoác lên mình diện mạo mới khi trở thành trải nghiệm du lịch nông thôn hấp dẫn.,"Làng ngói âm dương truyền thống ở Lạng Sơn
Giữa thung lũng xanh ngát, làng nghề ngói âm dương ở xã Long Đống cũ (nay là xã Bắc Sơn) vẫn âm thầm giữ lửa truyền thống hàng trăm năm.
Những viên ngói nhỏ bé được nặn từ đất sét mịn của vùng trũng đầm lầy, không chỉ làm nên mái nhà bền bỉ của đồng bào Tày mà nay còn trở thành chất liệu văn hóa độc đáo trong phát triểndu lịchnông thôn.
Anh Hoàng Công Hưng (40 tuổi) là đời thứ ba gắn bó với nghề làm ngói âm dương. Hơn 25 năm qua, đôi tay chai sạn của anh miệt mài với từng mẻ đất, từng khuôn ngói.
“Đất phải được chọn ở vùng trũng, dẻo và ngập nước lâu năm. Đem về phải lọc sạch sỏi đá, ủ cho đạt độ kết dính rồi mới đưa vào khuôn tạo hình”, anh Hưng chia sẻ.
Sau khi tạo hình, ngói được phơi tự nhiên rồi đưa vào lò nung liên tục suốt 23-25 ngày. Riêng gia đình anh Hưng sản xuất khoảng 500.000 viên ngói mỗi năm, cung cấp vật tư xây dựng cho nhiều tỉnh miền Bắc.
Anh Hoàng Công Hưng (40 tuổi) là đời thứ ba gắn bó với nghề làm ngói âm dương (Ảnh: Hoàng Huy).
Tên gọi ngói âm dương bắt nguồn từ cách lợp mái: Một viên úp, một viên ngửa, tượng trưng cho sự hòa hợp trời - đất, âm - dương. Loại ngói này giúp ngôi nhà mùa hè thì mát, mùa đông lại ấm, bền bỉ qua hàng chục năm.
“Khó nhất là khâu làm đất, vừa nặng nhọc, vừa đòi hỏi sự khéo léo. Đất phải thật mịn, nếu còn lẫn sạn thì khi nung ngói sẽ nứt”, bà Dương Thị Dung (55 tuổi) - một người thợ lâu năm - cho biết.
Hiện tại, khu vực xã Long Đống cũ chỉ còn khoảng 30 hộ duy trì nghề, trong bối cảnh nguồn đất sét ngày càng khan hiếm. Tuy vậy, người dân vẫn nỗ lực bám nghề, giữ lửa cho làng.
Anh Hưng chia sẻ thêm, trong thời gian tới, anh dự định xây dựng mô hình du lịch trải nghiệm - nơi du khách có thể ở nhà sàn, tham quan xưởng, cùng người dân làm ngói và thưởng thức ẩm thực địa phương.
“Kế hoạch này không chỉ giúp gìn giữ nghề truyền thống, mà còn mở hướng du lịch cộng đồng, vừa vui, vừa có thêm thu nhập”, anh nói.
Đất làm gạch phải được chọn ở vùng trũng, dẻo và ngập nước lâu năm sau đó trải qua nhiều công đoạn (Ảnh: Hoàng Huy).
Gắn làng nghề với phát triển du lịch bền vững
Không chỉ là nơi lưu giữ nghề cổ, làng ngói âm dương ở Lạng Sơn còn đang chuyển mình để trở thành điểm du lịch nông thôn trong tuyến du lịch địa chất của Lạng Sơn - vùng đất vừa được UNESCO công nhận là Công viên địa chất toàn cầu.
Ông Nguyễn Hữu Hải - Phó Giám đốc Trung tâm Xúc tiến Đầu tư, Thương mại và Du lịch tỉnh Lạng Sơn - cho biết, tỉnh đang đẩy mạnh tuyên truyền, quảng bá để các làng nghề truyền thống, như làng ngói âm dương, trở thành sản phẩm du lịch đặc trưng, nơi du khách có thể tham quan, trải nghiệm và hiểu sâu hơn vềvăn hóabản địa.
Những ngôi nhà sàn lợp mái ngói âm dương ở Bắc Sơn (Ảnh: Hoàng Huy).
Mỗi năm, làng đón khoảng 1.000 lượt khách, trong đó có nhiều du khách quốc tế. Họ được tận mắt chứng kiến quy trình làm ngói thủ công, tự tay tạo hình rồi mang về một viên ngói nhỏ làm kỷ niệm.
Làng ngói âm dương hiện nằm trong hệ thống làng nghề truyền thống gắn với tuyến du lịch địa chất ở Lạng Sơn, nơi hội tụ những giá trị về địa chất, văn hóa và sinh thái đặc sắc.
Hướng đi này phù hợp với Quyết định 922/QĐ-TTg ngày 2/8/2022 của Thủ tướng Chính phủ về phát triển du lịch nông thôn trong xây dựng nông thôn mới giai đoạn 2021-2025.
Những trải nghiệm “chạm đất, chạm nghề” như ở làng làm ngói âm dương truyền thống, giúp du khách không chỉ ngắm nhìn, mà còn thấu hiểu giá trị của lao động và văn hóa bản địa. Qua đó, nghề truyền thống không bị mai một, mà được “thổi hồn” bằng hơi thở du lịch xanh, bền vững.
Những thửa ruộng vàng óng ở thung lũng Bắc Sơn (Ảnh: Nam Nguyễn).
Những mô hình như làng ngói âm dương ở Lạng Sơn cho thấy sức sống mới của nông thôn Việt Nam - nơi sản xuất, văn hóa và du lịch hội tụ. Từ đó, hình thành nên những sản phẩm du lịch đặc trưng vùng miền, góp phần nâng cao thu nhập, tạo việc làm cho người dân, đồng thời gìn giữ và phát huy di sản văn hóa truyền thống.
Trong hành trình đổi mới nông thôn hôm nay, những làng nghề truyền thống không chỉ làm ra sản phẩm vật chất, mà còn tạo ra cảm xúc và trải nghiệm - điều khiến du khách đến rồi nhớ mãi xứ Lạng."
https://dantri.com.vn/du-lich/ngoi-lang-nguoi-tay-o-viet-nam-la-lang-du-lich-tot-nhat-the-gioi-2025-20251108003632741.htm,"Ngôi làng người Tày ở Việt Nam là ""Làng du lịch tốt nhất thế giới 2025""","(Dân trí) - Tối 7/11, đêm khai mạc Lễ hội Du lịch Mùa vàng Bắc Sơn 2025 diễn ra, với điểm nhấn là khoảnh khắc Làng du lịch cộng đồng Quỳnh Sơn được trao danh hiệu ""Làng du lịch tốt nhất thế giới 2025"".","Làng Quỳnh Sơn - ngôi làng của người Tày nằm nép mình bên dãy núi đá vôi - đã vượt qua hơn 270 hồ sơ từ 65 quốc gia, chính thức được Tổ chứcDu lịchLiên Hợp quốc (UN Tourism) vinh danh tại lễ trao giải tổ chức ở Hồ Châu (Chiết Giang, Trung Quốc) ngày 17/10 vừa qua.
Với danh hiệu này, Quỳnh Sơn không chỉ trở thành niềm tự hào của Lạng Sơn, mà còn là đại diện tiêu biểu của du lịch Việt Nam trên bản đồthế giới- minh chứng cho nỗ lực gìn giữ văn hóa, bảo vệ môi trường và phát triển du lịch cộng đồng bền vững.
Làng du lịch cộng đồng Quỳnh Sơn vừa được trao danh hiệu ""Làng du lịch tốt nhất thế giới 2025"" (Ảnh: Nam Nguyễn).
Phát biểu tại lễ khai mạcLễ hộiMùa vàng Bắc Sơn 2025, ông Trịnh Minh Tuấn - Phó Bí thư Đảng ủy, Chủ tịch UBND xã Bắc Sơn - cho biết: “Danh hiệu “Làng du lịch tốt nhất thế giới” là kết quả của sự đồng lòng giữa chính quyền và người dân. Đây sẽ là động lực để Bắc Sơn phát triển du lịch bền vững, thân thiện, gắn với bảo tồn bản sắc quê hương”.
Hình thành từ năm 2010 và được công nhận là Điểm du lịch địa phương năm 2015, Quỳnh Sơn hiện lưu giữ hơn 200 ngôi nhà sàn cổ, ruộng bậc thang uốn lượn giữa thung lũng và nhiều nghề truyền thống như đan lát, dệt thổ cẩm, làm bánh chưng đen.
Người dân nơi đây vẫn giữ nếp sống cộng đồng đặc trưng của người Tày: Thân thiện và mến khách. Du khách đến Quỳnh Sơn có thể chèo bè giữa thung lũng lúa vàng, gặt lúa cùng người dân, thưởng thức cá suối nướng, bánh chưng đen hay lắng nghe tiếng đàn tính, hát Then vang vọng giữa núi rừng.
Tại Lễ khai mạc Mùa vàng Bắc Sơn năm 2025, làng Quỳnh Sơn đón nhận chứng nhận “Làng du lịch tốt nhất thế giới 2025” (Ảnh: Hoàng Huy).
Danh hiệu “Làng du lịch tốt nhất thế giới 2025” không chỉ là niềm tự hào của người dân Bắc Sơn mà còn khẳng định sức sống bền bỉ của du lịch cộng đồng Việt Nam, phát triển từ chính bàn tay và tâm hồn người bản địa.
Theo bà Trần Thị Bích Hạnh - Phó Giám đốc Trung tâm Xúc tiến Đầu tư, Thương mại và Du lịch tỉnh Lạng Sơn - giải thưởng này mở ra cơ hội lớn để Lạng Sơn quảng bá hình ảnh du lịch ra quốc tế.
“Quỳnh Sơn không chỉ là niềm tự hào của Bắc Sơn, mà còn là biểu tượng cho khát vọng vươn lên của du lịch Việt Nam trong thời kỳ hội nhập”, bà Hạnh nói.
Tiết mục hát Then của người Tày Lạng Sơn tại lễ khai mạc (Ảnh: Hoàng Huy).
Lễ hội Mùa vàng Bắc Sơn 2025 sẽ kéo dài đến ngày 15/11, với nhiều hoạt động hấp dẫn như thi giã gạo, gói bánh chưng đen, gặt lúa, chèo bè sup trên thung lũng vàng, triển lãm sản phẩm OCOP, không gian ẩm thực vùng cao và hội chợ du lịch.
Ông Nguyễn Hữu Hải - Giám đốc Trung tâm Xúc tiến Đầu tư, Thương mại và Du lịch tỉnh Lạng Sơn - nhấn mạnh: “Đây là bước đi quan trọng trong chiến lược quảng bá du lịch Lạng Sơn giai đoạn 2025-2030, hướng tới xây dựng thương hiệu: Bắc Sơn - điểm đến của du lịch xanh và văn hóa”."
https://dantri.com.vn/du-lich/hon-100-nam-dong-cua-khu-vuon-bi-mat-o-tu-cam-thanh-lan-dau-don-khach-20251107165047556.htm,"Hơn 100 năm đóng cửa, khu vườn bí mật ở Tử Cấm Thành lần đầu đón khách","(Dân trí) - Lần đầu tiên, khu vườn mang tên Hoàng đế Càn Long, nằm trong Tử Cấm Thành (Trung Quốc), chính thức mở cửa đón khách.","Mở cửa khu vườn bí mật
Khi lần đầu đặt chân tới Tử Cấm Thành ở Bắc Kinh vào cuối thập niên 1980, kiến trúc sư người Singapore Ho Puay Peng không khỏi choáng váng.
Hiện ông là Chủ tịch UNESCO phụ trách lĩnh vực bảo tồn và quản lý di sản kiến trúc châu Á. Nhiều khu vực sân ở nơi đây khi ấy bị biến thành kho chứa đồ, ngổn ngang rác thải. Ông chỉ dùng một từ để miêu tả cảnh tượng đó là ""kinh khủng"".
Khu vườn Càn Long là một trong những điểm đến đẹp nhất ở Tử Cấm Thành (Ảnh: Ho Puay Peng).
Thời điểm ấy, phần lớn cung điện giữa lòng thủ đô Bắc Kinh vẫn chưa mở cửa cho công chúng. Nhiều khu vực của Tử Cấm Thành còn bị xuống cấp nghiêm trọng, thậm chí cháy hỏng do toàn bộ kết cấu đều bằng gỗ.
Tử Cấm Thành được xây dựng vào thế kỷ 15 dưới triều đại nhà Minh, vốn là nơi nghỉ ngơi và làm việc của Hoàng đế cùng hoàng thất. Sau đó, các vị vua nhà Thanh tiếp tục kế thừa và trùng tu nhiều hạng mục trong quần thể này.
Bảo tàng Cố Cung được thành lập tại đây vào năm 1925, sau khi vị Hoàng đế cuối cùng của triều Thanh - Vua Phổ Nghi - buộc phải rời khỏi cung điện. Tuy nhiên, công tác trùng tu quy mô lớn chỉ thực sự bắt đầu nhiều năm sau đó.
Từ lần ghé thăm đầu tiên của ông Ho đến nay, toàn bộ đơn vị công tác đã rút khỏi Tử Cấm Thành, trả lại không gian nguyên bản cho Bảo tàng Cố Cung. Ngày nay, nơi này là một trong những điểmdu lịchđược ghé thăm nhiều nhất Trung Quốc.
""Giờ đây bảo tàng sở hữu toàn bộ khuôn viên và từng bước khôi phục, mở cửa cho công chúng. Tôi nghĩ đó là một nỗ lực tuyệt vời"", ông Ho nhận định.
Nhân dịp kỷ niệm 100 năm thành lập Bảo tàng Cố Cung vào tháng 10 vừa qua, một khu vực nhỏ nằm ở góc đông bắc khuôn viên đã trở thành tâm điểm chú ý khi chính thức mở cửa đón khách. Bảo tàng mô tả đây là “khu vườn tinh xảo và trang trí đẹp nhất” trong toàn bộ Tử Cấm Thành. Khu vườn mang tên của Hoàng đế Càn Long.
Vẻ đẹp tái sinh sau gần một thế kỷ
Khu vườn Càn Long từng bị đóng cửa suốt gần 100 năm. Việc trùng tu kéo dài tới 25 năm, nhờ hợp tác giữa Bảo tàng Cố Cung và Quỹ Di sảnThế giới(World Monuments Fund).
Vào ngày cuối cùng của kỳ nghỉ lễ Quốc khánh Trung Quốc, trong cơn mưa lất phất, hàng dài du khách xếp hàng bên trong khu vườn Càn Long. Địa điểm này nhanh chóng trở thành “hiện tượng mạng xã hội” tại quốc gia tỷ dân.
Khu vườn mang tên vị hoàng đế nhà Thanh này nằm sát một điểm tham quan nổi tiếng khác của Tử Cấm Thành. Cổng vào nhỏ và kín đáo thể hiện ý đồ của Càn Long, muốn biến nơi đây thành chốn nghỉ ngơi riêng tư.
Với diện tích chỉ khoảng 6.000m2, khu vườn mang phong cách hoàn toàn trái ngược với sự đồ sộ và uy nghi của phần còn lại trong Tử Cấm Thành - nơi vốn được thiết kế để phô trương quyền lực Hoàng gia.
Thay vào đó, Vua Càn Long lấy cảm hứng từ những khu vườn tư gia ở miền Nam Trung Quốc. Ông yêu cầu thợ thủ công sắp đặt không gian một cách tinh tế và chia khu vực thành bốn sân nối tiếp nhau. Hiện du khách mới chỉ được tham quan 2 sân trong số đó.
Mỗi sân mang một bố cục khác nhau. Trong đó có sân tập trung nhiều công trình, có sân lại mở rộng thoáng đãng.
“Các công trình kiến trúc đã khéo léo chia cắt không gian chật hẹp để tạo ra nhiều góc nhìn khác nhau. Khi ngắm cảnh từ bên dưới, hoặc từ các lầu bên trong, thậm chí trên những ngọn giả sơn, bạn sẽ thấy mỗi góc nhìn là một khung cảnh riêng biệt"", ông Ho giải thích.
Sau khu vườn Càn Long, đại diện bảo tàng cho biết, Dưỡng Tâm Điện (một trong những nơi làm việc của các Hoàng đế triều nhà Thanh) dự kiến sẽ mở cửa trong năm nay. Công trình bắt đầu được trùng tu từ năm 2018."
https://dantri.com.vn/du-lich/cap-doi-9x-nuoi-giac-mo-phat-trien-du-lich-nong-thon-ben-vung-o-lao-cai-20251107144704396.htm,Cặp đôi 9X nuôi giấc mơ phát triển du lịch nông thôn bền vững ở Lào Cai,"(Dân trí) - Không ít người trẻ ở Lào Cai chọn rời phố, trở về quê hương, làm du lịch theo cách riêng - gần gũi, sáng tạo và bền vững - góp phần phát triển kinh tế và mang đến làn gió mới cho du lịch nông thôn.","Không gian nghệ thuật giữa ruộng đồng
Giữa nhịp sống hối hả nơi phố thị, ngày càng nhiều người trẻ chọn “đi ngược dòng” - rời bỏ thành phố để trở về với thiên nhiên, tìm kiếm nhịp sống chậm và ý nghĩa hơn.
Xu hướng ấy cũng phù hợp với định hướng của Chương trình phát triểndu lịchnông thôn trong xây dựng nông thôn mới giai đoạn 2021-2025 theo Quyết định 922/QĐ-TTg ngày 2/8/2022 của Thủ tướng Chính phủ, nhằm phát huy tiềm năng nông thôn, lan tỏa giá trị văn hóa bản địa và tạo sinh kế bền vững cho người dân.
Căn homestay giữa ruộng đồng của đôi vợ chồng 9X (Ảnh: Nhân vật cung cấp).
Tại Lào Cai, hành trình của cặp vợ chồng trẻ Phạm Thị Thùy Giang (SN 1997) và Nguyễn Tuấn Anh (SN 1994) là minh chứng sinh động cho hướng đi đó, khi họ biến một căn nhà hoang giữa thôn làng thành không gian sống và điểm du lịch nghệ thuật mang hơi thở vùng cao.
Hai vợ chồng, đều là người con của Lào Cai, có chung tình yêu với thiên nhiên và nghệ thuật. Họ thuê mảnh đất gần 800m² tại xã Tả Van để xây dựng tổ ấm mộc mạc, gần gũi với thiên nhiên.
Họ tự tay cải tạo căn nhà, từ sửa sang, trồng trọt đến trang trí, chỉ thuê nhân công ở các hạng mục nặng. Homestay hoàn thiện với dáng vẻ mộc mạc mà tinh tế: Những bậc thang lát gỗ, chòi nhỏ nhìn ra ruộng lúa, góc nào cũng có thể trở thành điểm check-in lý tưởng.
“Chúng tôi muốn giữ tinh thần giản dị, đậm chất quê hương”, chị Giang chia sẻ.
Du lịch mang dấu ấn người bản địa
Hiện homestay của chị Giang và chồng đón khoảng 150-200 lượt khách/tháng trong mùa cao điểm. Ngoài lưu trú, du khách còn được tham gia workshop vẽ tranh phong cảnh, vẽ sáp ong hay học dệt thổ cẩm cùng người dân địa phương.
“Có những bạn chưa từng cầm cọ, nhưng khi ngồi giữa ruộng bậc thang, họ tìm được cảm hứng rất tự nhiên. Họ nói mình được “chậm lại” và kết nối hơn với con người, thiên nhiên”, chị Giang kể.
Du khách nước ngoài thích thú khi trải nghiệm vẽ tranh giữa không gian nên thơ của ruộng đồng (Ảnh: Facebook nhân vật).
Không gian lưu trú này ưu tiên vật liệu tự nhiên như gỗ, tre, hạn chế nhựa và bê tông. Đồ trang trí được tái chế từ vật liệu cũ: Khung tranh làm từ gỗ bỏ đi, ghế từ thân cây, lọ hoa từ rọ, thậm chí chiếc cày cũ cũng trở thành điểm nhấn nghệ thuật.
Đặc biệt, chị Giang mời người dân bản tham gia hướng dẫn, kể chuyện văn hóa, dẫn tour đi ruộng, hái lúa, giúp họ có thêm thu nhập và gắn kết với du khách.
“Du lịch xanh không chỉ là thân thiện với môi trường mà còn là tôn trọng và sẻ chia với cộng đồng”, chị nói.
Song song đó, chị Giang còn mở góc nghệ thuật nhỏ để trưng bày tranh của khách và giới thiệu sản phẩmvăn hóadân tộc như vải thêu, khung dệt, mâm đồng… góp phần quảng bá làng nghề truyền thống, đúng tinh thần khuyến khích phát triển du lịch gắn với văn hóa - nông nghiệp - làng nghề mà Chương trình 922 đề ra.
“Về quê không phải để trốn thành phố mà là để tìm lại giá trị thật của cuộc sống”, chị Giang nhắn gửi.
Du lịch nông thôn - hướng phát triển bền vững của Lào Cai
Theo Sở Du lịch Lào Cai, thời gian qua, du lịch nông thôn và du lịch cộng đồng phát triển mạnh, đặc biệt tại các khu vực Sa Pa, Bắc Hà, Bát Xát và Bảo Yên cũ (nay đã được sắp xếp thành các đơn vị hành chính cấp xã mới).
Toàn tỉnh hiện có hàng trăm cơ sở homestay, trong đó nhiều cơ sở được Hiệp hội Du lịch ASEAN công nhận đạt chuẩn homestay ASEAN.
Tỉnh cũng đang nhân rộng mô hình du lịch cộng đồng gắn với nông nghiệp, tiêu biểu như du lịch dân tộc Tày, Mông, Dao… Những mô hình này giúp người dân tăng thu nhập từ lưu trú, hướng dẫn, biểu diễn văn nghệ, đồng thời gìn giữ bản sắc văn hóa, đúng tinh thần xây dựng nông thôn mới gắn với du lịch xanh, du lịch cộng đồng.
Song song, Lào Cai chú trọng phát triển sản phẩm xanh như nông sản, thổ cẩm, nghề đan lát… Từ cuối năm 2024, tỉnh đặt mục tiêu giai đoạn 2025-2030 sẽ có 6 mô hình du lịch cộng đồng đạt chuẩn ASEAN và 11 mô hình đạt chuẩn Việt Nam, đồng thời mở rộng du lịch sinh thái,thể thaomạo hiểm tại các điểm như Ngũ Chỉ Sơn, thác Rồng, thác Ong…
Những nét giản dị ở bản làng vùng cao ngày càng được du khách trong và ngoài nước yêu thích (Ảnh: Facebook nhân vật).
Những mô hình như của vợ chồng chị Giang cho thấy sức trẻ đang góp phần làm mới diện mạo du lịch nông thôn Việt Nam. Không chỉ tạo sinh kế, họ còn khơi dậy niềm tự hào bản địa, biến quê hương thành nơi đáng sống và đáng khám phá.
Đây cũng là hướng đi cụ thể hóa Nghị quyết về phát triển du lịch nông thôn gắn với xây dựng nông thôn mới, góp phần thực hiện mục tiêu kép: Phát triển kinh tế nông thôn - bảo tồn văn hóa - bảo vệ môi trường.
Những căn nhà cũ, mảnh ruộng, con đường làng nay trở thành không gian văn hóa và du lịch, nơi du khách được trải nghiệm cuộc sống bản địa chân thật, còn người dân địa phương có thêm sinh kế bền vững.
Du lịch nông thôn không chỉ làm thay đổi diện mạo vùng quê, mà còn khẳng định khi con người biết gìn giữ và sáng tạo từ những giá trị truyền thống, nông thôn Việt Nam có thể trở thành điểm đến hấp dẫn cho du khách trong và ngoài nước."
https://dantri.com.vn/du-lich/phe-binh-don-vi-quan-ly-de-thap-cham-nghin-nam-tuoi-bi-ngap-lut-20251107144529741.htm,Phê bình đơn vị quản lý để tháp Chăm nghìn năm tuổi bị ngập lụt,"(Dân trí) - Chứng kiến cảnh tháp Chăm nghìn năm tuổi chìm sâu trong nước, lãnh đạo UBND thành phố Huế nghiêm khắc phê bình đơn vị quản lý, chính quyền địa phương vì để di tích bị ngập úng kéo dài.","Ngày 7/11, ông Hoàng Hải Minh, Phó Chủ tịch UBND thành phố Huế, đã đến kiểm tra thực tế tình trạng ngập úng kéo dài tại di tích tháp Chăm Phú Diên, thuộc địa bàn xã Phú Vinh.
Tại thời điểm kiểm tra, ông Hoàng Hải Minh đã nghiêm khắc phê bình đơn vị quản lý và chính quyền địa phương do chậm triển khai phương án xử lý, để di tích bị ngâm nước kéo dài.
Huy động máy bơm cỡ lớn để cứu tháp Chăm Phú Diên (Video: Vi Thảo).
Theo ông Minh, khu vực tháp Chăm cổ nghìn năm tuổi không thuộc địa bàn ngập lụt sâu như các vùng thấp trũng khác.
Tuy nhiên, đơn vị quản lý trực tiếp di tích và chính quyền xã Phú Vinh đã thiếu chủ động, chậm triển khai phương án xử lý, đến nay chưa có báo cáo sự việc cho lãnh đạo thành phố.
Tháp Chăm hơn một nghìn năm tuổi ở thành phố Huế bị ngập lụt kéo dài (Ảnh: Vi Thảo).
Phó Chủ tịch UBND thành phố Huế chỉ đạo Bảo tàng Lịch sử thành phố Huế và chính quyền địa phương huy động máy bơm, ngay trong ngày phải rút hết nước ra khỏi khu vực di tích.
“Sau khi hút hết nước, phải duy trì tại đây một máy bơm để kịp thời xử lý khi có mưa lớn, tránh xảy ra tình trạng tương tự”, ông Minh chỉ đạo.
Về lâu dài, Phó Chủ tịch UBND thành phố Huế yêu cầu đơn vị quản lý nghiên cứu, đề xuất phương án bảo vệ di tích, có giải pháp thoát nước, chống ngập  hiệu quả hơn.
Ông Hoàng Hải Minh (giữa), Phó Chủ tịch UBND thành phố Huế, kiểm tra tình hình ngập úng tại tháp Chăm cổ (Ảnh: Vi Thảo).
NhưDân tríđã đưa tin, do ảnh hưởng của đợt mưa lớn kéo dài, di tích tháp Chăm Phú Diên, xã Phú Vinh, thành phố Huế bị ngập lụt kéo dài.
Theo người dân địa phương, tình trạng nói trên đã xảy ra hơn một tuần nay, đe dọa sự an toàn của công trình.
Ông Nguyễn Đức Lộc, Giám đốc Bảo tàng Lịch sử thành phố Huế (đơn vị quản lý di tích), cho biết do ảnh hưởng của mưa lớn kéo dài, tháp Chăm Phú Diên ngập sâu hơn 60cm. Đây là lần đầu tiên từ khi phát hiện, di tích này bị ngập sâu và kéo dài như vậy.
Theo Bảo tàng Lịch sử thành phố Huế, tháp Chăm cổ nêu trên được phát hiện vào tháng 4/2001. Thời điểm được phát hiện, tháp nằm sâu 5-7m dưới đồi cát, thấp hơn mực nước biển 3-4m và cách mép nước 120m.
Máy bơm chuyên dụng được huy động để ""giải cứu"" tháp cổ (Ảnh: Vi Thảo).
Sau khi phát hiện, cơ quan chức năng đã xây dựng khu vực bảo vệ di tích với các ô bê tông kiên cố, trồng cây xanh xung quanh để tránh sụt lún, tạo cảnh quan môi trường.
Tháp cổ cũng được bảo tồn trong một nhà kính nhằm hạn chế tác động từ môi trường tự nhiên.
Bên cạnh đó, Bảo tàng Lịch sử thành phố Huế đã bơm một lượng lớn bê tông xuống móng công trình để chống sụt lún, phun hóa chất lên bề mặt gạch chống rêu, ẩm mốc vật liệu.
Đặc biệt, để giúp thoát nước, một bể chứa hơn 30m3 đã được xây dựng ngầm bên dưới khu vực di tích. Cơ quan quản lý không bê tông hóa sân nền xung quanh tháp Phú Diên, giúp thoát nước tự nhiên tốt hơn.
Theo ông Lộc, do thành phố Huế có mưa lớn kéo dài, kết hợp triều cường biển dâng cao, dẫn đến nước lụt trong khu vực tháp không thoát kịp."
https://dantri.com.vn/du-lich/huong-dan-vien-du-lich-bi-con-tran-dai-6m-keo-xuong-nuoc-siet-chat-vao-co-20251107101101879.htm,"Hướng dẫn viên du lịch bị con trăn dài 6m kéo xuống nước, siết chặt vào cổ","(Dân trí) - Khi đang đi thuyền trên sông ở đảo Borneo (Indonesia), nam hướng dẫn viên du lịch bất ngờ bị con trăn dài 6m kéo tuột xuống nước, quấn chặt quanh cổ và siết mạnh.","Một hướng dẫn viêndu lịchở Indonesia may mắn thoát chết sau khi bị con trăn khổng lồ dài tới 6m quấn chặt quanh cổ. Trước đó, anh cùng nhóm khách đang đi thuyền trên sông thì bị con vật kéo tuột xuống nước.
Nam hướng dẫn viên có tên Heru, vốn là một thợ bắt rắn chuyên nghiệp. Trước khi sự cố xảy ra, Heru cùng đoàn du khách di chuyển bằng thuyền trên một con sông ở đảo Borneo (Kalimantan). Lúc này, cả đoàn phát hiện thấy con trăn khổng lồ nằm nghỉ gần bờ.
Hướng dẫn viên du lịch bị con trăn dài 6m kéo xuống nước, siết chặt vào cổ (Nguồn video: Daily Mail).
Heru liền cúi người xuống, thò tay xuống nước định tóm đầu con vật. Tuy nhiên, con trăn bất ngờ vùng lên, kéo anh rơi khỏi thuyền và chìm xuống nước trong tích tắc.
Đoạn video được nhân chứng ghi lại khoảnh khắc sinh tử cho thấy, con vật dùng toàn bộ sức mạnh kéo Heru xuống nước. Trong vài giây, nạn nhân như biến mất hoàn toàn dưới mặt sông.
Khi trồi lên, Heru hốt hoảng dùng tay giữ chặt phần đầu con trăn để tránh bị cắn. Nhưng chỉ sau đó ít giây, con vật bắt đầu quấn cơ thể to lớn quanh người anh. Nó siết chặt phần ngực rồi trườn dần lên quấn chặt quanh cổ nạn nhân.
Ban đầu, các thành viên trên thuyền còn bật cười vì nghĩ đây là màn biểu diễn bắt rắn thường lệ của nam hướng dẫn viên. Nhưng khi thấy Heru đang vật lộn trong tuyệt vọng, họ mới nhận ra tình huống nguy hiểm, lập tức lao vào ứng cứu.
Nhờ sự hỗ trợ của hai người đàn ông, trong đó một người giữ phần đầu, người còn lại nắm phần đuôi mới giải cứu được Heru khỏi vòng siết của con vật khổng lồ.
Sau đó, con trăn được đưa lên thuyền. Cả nhóm tranh thủ chụp ảnh kỷ niệm trước khi thả nó trở lại môi trường sống tự nhiên. Trên người con vật không bị thương tích.
Anh Mohamed Alisa, thành viên trong đoàn du khách cũng là người quay đoạn video cho biết, đây là con trăn lớn và khỏe nhất mà họ từng thấy.
“Đây là một trong những con trăn to khỏe nhất mà chúng tôi từng gặp. Sau khi bắt, chúng tôi đã thả nó đi. Nguyên tắc của chúng tôi là không làm hại sinh vật sống. Việc quay phim chỉ nhằm mục đích nghiên cứu khoa học"", ông nói.
Rất may sau sự cố, nam hướng dẫn viên du lịch Heru không bị thương. Anh cũng nhanh chóng bình phục tinh thần.
Được biết, đảo Borneo vốn là nơi sinh sống của nhiều loài trăn. Trong đó có trăn đuôi ngắn Borneo và trăn gấm (Reticulated Python). Chúng vốn là loài trăn không có nọc độc lớn nhất thế giới.
Loài trăn gấm ở Borneo có thể dài tới 6m là loài trăn dài nhất hành tinh. Chúng phân bố rộng khắp Đông Nam Á. Cá thể dài nhất từng được ghi nhận đạt chiều dài tới 10m. Chúng được phát hiện tại đảo Sulawesi (Indonesia) vào năm 1912 theo các tài liệu cổ ghi chép.
Dù không có nọc độc, trăn gấm lại là loài săn mồi cực mạnh. Chúng thường rình phục con mồi, ngoạm chặt bằng quai hàm rồi dùng cơ thể siết chặt nạn nhân. Trước khi bị con vật nuốt chửng, các nạn nhân thường chết ngạt.
Nhờ sức mạnh và độ linh hoạt, trăn gấm có thể nuốt chửng cả những con mồi lớn hơn nhiều lần so với trọng lượng cơ thể của chúng. Các chuyên gia từng ghi nhận gia súc, thú nuôi, thậm chí con người từng bị trăn gấm nuốt chửng.
Vào mùa khô, khi môi trường sống bị xáo trộn, trăn thường bò vào khu dân cư để tìm kiếm thức ăn.
Người dân Indonesia và Malaysia không hiếm lần phát hiện trăn khổng lồ trong cống rãnh hoặc khu dân cư đông đúc. Đặc biệt tại Indonesia, từ đầu năm tới nay, quốc gia này đã nhiều lần ghi nhận các trường hợp con người bị trăn tấn công hoặc nuốt chửng."
https://dantri.com.vn/du-lich/bao-my-ca-ngoi-dao-cat-ba-cua-viet-nam-trong-top-tuyet-nhat-dong-nam-a-20251106224900394.htm,"Báo Mỹ ca ngợi đảo Cát Bà của Việt Nam trong top ""tuyệt nhất Đông Nam Á""","(Dân trí) - Theo bài viết đăng tải trên tạp chí du lịch nổi tiếng của Mỹ, Cát Bà của Việt Nam là điểm đến lý tưởng với những ai mê phiêu lưu, khám phá hang động, chinh phục những vách đá vôi.","TheoNational Geographic, đảo Cát Bà đứng ở vị trí thứ 3 trong danh sách 8 hòn đảo tuyệt vời nhất ở Đông Nam Á. Quần đảo gồm 367 hòn đảo trải dài trên diện tích rộng khoảng 300km2. Nơi đây có khu dự trữ sinh quyển Cát Bà, vườn quốc gia Cát Bà, có diện tích khu vực di sảnthế giới22.250ha.
Tác giả bài viết Sarah Gillespie cho rằng, phần lớn du khách chỉ dừng chân ở đây một ngày trước khi tiếp tục tham quan các đảo nhỏ khác, nhưng với người mê cảm giác mạnh, Cát Bà là thiên đường mạo hiểm. Giữa hơn 25.000 hòn đảo của Đông Nam Á, nơi đây được nhận định là hòn đảo đáng khám phá nhất cho những ai đam mê phiêu lưu.
Những vách núi đá vôi hùng vĩ biến nơi này thành điểm leo núi lý tưởng. Trong số đó, nổi bật có thung lũng Bướm - nơi có hệ thống hang động và vách đá vươn ra biển. Du khách có thể trải nghiệm hình thức leo tự do không dây trên mặt nước (deep-water soloing).
Với khách tìm kiếm trải nghiệm an toàn hơn nhưng vẫn muốn chiêm ngưỡng cảnh quan ngoạn mục, có thể chọn chèo kayak, ngắm biển Cát Bà rực sáng về đêm hay chinh phục đỉnh Ngự Lâm - nơi có tầm nhìn toàn cảnh về phía rừng xanh bạt ngàn và biển trời mênh mông.
Khu di sản quần đảo Cát Bà là những ví dụ nổi bật, tiêu biểu cho các hệ sinh thái biển đảo nhiệt đới, cận nhiệt đới điển hình của châu Á với 7 hệ sinh thái liền kề, kế tiếp nhau phát triển.
Trong đó bao gồm hệ sinh thái rừng mưa nguyên sinh trên đảo đá vôi lớn nhất Việt Nam; hệ sinh thái rạn san hô phát triển bậc nhất Vịnh Bắc Bộ; hệ sinh thái rừng ngập mặn lớn nhất ở đảo Việt Nam; hệ sinh thái vùng triều với các sinh vật bám đặc sắc ít nơi có được; hệ sinh thái hồ nước mặn; hệ sinh thái hang động trên cạn và hang ngầm nước ngọt và hệ sinh thái đáy biển Cát Bà.‏
‏Diện tích rừng nguyên sinh khoảng 1.045ha trên đảo Cát Bà là một trong những nhân tố quan trọng làm nên giá trị sinh thái và đa dạng sinh học của di sản. Đặc biệt, voọc Cát Bà là loài linh trưởng quý hiếm được ghi vào Sách đỏ thế giới, hiện chỉ còn tồn tại duy nhất tại Cát Bà.
Bên cạnh đó, các nhà nghiên cứu đã phát hiện ở đây có nhiều loại thực vật đặc hữu, chỉ thích nghi sống ở các đảo đá vôi, mà không nơi nào trên thế giới có được.
Tháng 9/2023, Ủy ban Di sản Thế giới UNESCO công nhận quần thể vịnh Hạ Long - quần đảo Cát Bà là Di sản Thiên nhiên Thế giới. Từ đây, ‏‏du lịch Cát Bà‏‏ được trao thêm cơ hội bứt phá, tăng tốc trong giai đoạn mới.‏
‏Để nắm bắt vận hội đó, bên cạnh phát huy giá trị kho báu thiên nhiên, mở rộng trải nghiệmdu lịch4 mùa để hút du khách, Cát Bà cũng định hướng phát triển thành điểm đến du lịch xanh đẳng cấp tầm cỡ quốc tế.
Vào mùa du lịch cao điểm nghỉ dưỡng thu đông hàng năm, Cát Bà thường đón hàng chục nghìn khách trong đó phần lớn là khách quốc tế tới sử dụng các dịch vụ như tham quan, nghỉ đêm trên vịnh, trekking khám phá, leo núi xuyên rừng, trải nghiệm làng chài cổ Việt Hải...
Trong đó, nhiều khách muốn sử dụng dịch vụ lưu trú qua đêm trên các du thuyền quanh vịnh ở Cát Bà. Đây là loại hình dịch vụ cao cấp.
Theo số liệu thống kê, trong 8 tháng đầu năm, Cát Bà đón gần 3,6 triệu lượt khách, đạt khoảng 90% so với kế hoạch đầu năm, tăng 31% so với cùng kỳ năm trước. Con số này cho thấy lượng khách tới Cát Bà du lịch trong năm nay dự kiến sẽ vượt xa kế hoạch đề ra."
https://dantri.com.vn/du-lich/top-5-quan-do-au-ngon-thu-hut-thuc-khach-khu-vuc-hoan-kiem-20251105223918191.htm,"Top 5 quán đồ Âu ngon, thu hút thực khách khu vực Hoàn Kiếm","(Dân trí) - Khu trung tâm Hà Nội không chỉ nổi tiếng với ẩm thực Việt mà còn là điểm lý tưởng thưởng thức các món Âu tinh tế, từ nhà hàng Pháp cho đến các quán kết hợp nhiều phong cách ẩm thực.","Dưới đây là 5 quán đồ Âu nổi bật quanh khu vực hồ Gươm mà bạn không nên bỏ lỡ.
Nằm tại phố Nhà Chung, Hà Nội, Mapa Bistro mang đến cho thực khách trải nghiệm ẩm thực châu Âu chuẩn vị trong một không gian trẻ trung, gần gũi nhưng vẫn tinh tế.
Quán được thiết kế với bàn ghế gỗ và ánh sáng ấm áp, tạo cảm giác thoải mái, đồng thời bố trí cả khu vực chung lẫn phòng riêng, phù hợp cho nhóm bạn hay bữa ăn gia đình.
Điểm nhấn của Mapa Bistro nằm ở các món Âu dễ ăn nhưng chuẩn vị, từ steak (bít tết), pasta, salad cho đến pizza, tất cả đều được chế biến từ nguyên liệu tươi ngon và trình bày tinh tế, giữ trọn hương vị tự nhiên của từng thành phần.
Các món Âu được thực khách đánh giá cao bởi hương vị đậm đà và cách trình bày tinh tế (Ảnh: Mapa Bistro).
Thực khách đến đây thường chuộng các món như salad thịt nguội, sườn cừu nướng, cá hồi nướng, cốt lết heo nướng, bít tết bò hảo hạng, vẹm xanh nướng phô mai, măng tây bọc bacon (thịt lợn muối xông khói) hay phô mai tổng hợp. Các món ăn tại đây không chỉ ngon mà còn được chăm chút kỹ lưỡng về hình thức, tạo cảm giác hấp dẫn.
Dịch vụ tại Mapa Bistro cũng là điểm cộng lớn, với đội ngũ nhân viên nhiệt tình, chu đáo, luôn sẵn sàng hướng dẫn thực khách cách thưởng thức từng món ăn đặc trưng.
Tuy nhiên, quán có không gian nhỏ nên vào cuối tuần thường khá đông, đôi khi phải chờ món và chỗ ngồi, vì vậy khách hàng nên đặt bàn trước sẽ đảm bảo trải nghiệm trọn vẹn.
Không gian ấm áp, hiện đại của Mapa Bistro trên phố Nhà Chung, phù hợp cho những buổi hẹn hò lãng mạn, gặp gỡ bạn bè hay tiệc sinh nhật nhỏ (Ảnh: Mapa Bistro).
Với mức giá từ 250.000 đến 500.000 đồng mỗi người, Mapa Bistro phù hợp cho nhiều nhu cầu, từ các buổi tiệc tùng, liên hoan công ty, gặp gỡ bạn bè, đồng nghiệp đến những bữa sum họp gia đình, mang đến một trải nghiệm ẩm thực châu Âu đích thực ngay giữa lòng Hà Nội.
Địa chỉ:34 Nhà Chung, phường Hoàn Kiếm, Hà Nội
Giờ mở cửa:10h30-22h30
Giá tham khảo:250.000-500.000 đồng/người
Nằm ngay trên con phố sầm uất Phan Chu Trinh, Le Monde Steak mang đến cho thực khách trải nghiệm ẩm thực Pháp chuẩn mực trong một không gian thanh lịch, tinh tế nhưng vẫn gần gũi.
Quán được thiết kế theo tông màu xanh - trắng chủ đạo, kết hợp ánh sáng dịu nhẹ và nhiều cây xanh, mang đến cảm giác thư thái, gần gũi. Bàn ghế được sắp xếp thông thoáng, có bàn dành cho cặp đôi, đồng thời cũng bố trí những phòng riêng cho nhóm gia đình hoặc bạn bè muốn dùng bữa trong không gian yên tĩnh.
Le Monde Steak được nhiều thực khách đánh giá có mức giá dễ chịu, là lựa chọn quen thuộc của sinh viên và giới trẻ yêu ẩm thực Âu (Ảnh: Le Monde Steak).
Với 5 tầng và sức chứa tối đa 100 khách, Le Monde Steak trở thành lựa chọn lý tưởng cho những bữa tối lãng mạn, các buổi họp lớp hay những cuộc gặp gỡ bạn bè.
Nhà hàng nổi bật với thực đơn bít tết kiểu Pháp được chế biến tỉ mỉ từ những nguyên liệu tuyển chọn. Những món như: AUS Top Blade (lõi vai bò Úc), AUS Striploin (thăn ngoại bò Úc), Grilled Lamb Rack (sườn cừu kiểu Pháp), đùi cừu nấu chậm với hành tím và rượu vang hay thịt vịt hầm kiểu Pháp đều được trình bày tinh tế, giữ nguyên hương vị tự nhiên và chuẩn Âu.
Những phần bít tết kiểu Pháp được chế biến tỉ mỉ, giữ trọn hương vị tự nhiên (Ảnh: Le Monde Steak).
Ngoài ra, thực khách còn được thưởng thức các món tráng miệng Pháp như Chocolate Tart hay Crème Brûlée, mang đến trải nghiệm vị giác tinh tế với vị béo ngậy, mềm tan trong miệng. Món bít tết kiểu Pháp của nhà hàng từ lâu đã trở thành điểm nhấn không thể bỏ qua với thực khách khi đến đây.
Dịch vụ tại Le Monde Steak cũng ghi điểm với sự chu đáo và thân thiện của đội ngũ nhân viên, luôn sẵn sàng hướng dẫn thực khách tận tình. Tuy nhiên, vào cuối tuần, nhà hàng thường khá đông, đôi khi thực khách phải chờ món lâu, vì vậy việc đặt bàn trước là điều cần thiết để đảm bảo trải nghiệm trọn vẹn.
Với mức giá từ 250.000 đến 350.000 đồng mỗi người, Le Monde Steak không chỉ phù hợp để thưởng thức ẩm thực Pháp ngon mà còn là lựa chọn lý tưởng cho những bữa tiệc nhỏ, những cuộc gặp gỡ thân mật hay những dịp hẹn hò đặc biệt ngay giữa trung tâm Hà Nội.
Địa chỉ:34A Phan Chu Trinh, phường Cửa Nam, Hà Nội
Giá tham khảo:250.000-350.000 đồng/người
Tọa lạc tại tầng 10 khách sạn Le Chanvre Hanoi Hotel & Spa trên phố Hàng Gai, Mun Dining là điểm đến sang trọng, nơi kiến trúc Gothic - đặc trưng với những đường nét cao, vòm nhọn, trần cao và các chi tiết trang trí cầu kỳ - hòa quyện cùng phong cách phục vụ đẳng cấp, mang đến trải nghiệm ẩm thực độc đáo cho thực khách.
Không gian nhà hàng vừa sang trọng vừa ấm áp, với bàn ghế bọc da và ánh sáng vàng dịu nhẹ, tạo cảm giác thoải mái và riêng tư, lý tưởng cho các bữa tối hẹn hò, gặp gỡ đối tác hoặc những dịp đặc biệt.
Mun Dining gây ấn tượng với không gian tinh tế, yên tĩnh và đầy tính riêng tư, thích hợp cho những buổi tối lãng mạn hoặc gặp gỡ thân mật (Ảnh: Mun Dining).
Với sức chứa từ 45 đến 50 người, Mun Dining phù hợp cho cả những buổi tiệc thân mật lẫn các cuộc gặp gỡ quan trọng.
Điểm nhấn của Mun Dining nằm ở các món đồ Âu sáng tạo, nơi nguyên liệu cao cấp được kết hợp khéo léo với kỹ thuật nấu nướng chuẩn quốc tế. Mỗi phần ăn tại đây đều được trình bày tinh tế, giữ nguyên hương vị tự nhiên, mang đến trải nghiệm ẩm thực phong phú và trọn vẹn cho thực khách.
Thực đơn quán nổi bật với các món đặc trưng mang phong cách Âu - Á, từ những đĩa khai vị tinh tế, mì Ý sốt kem, chả cá Thăng Long, cho đến các món đặc sắc như mì Ý đút lò với tôm và sốt kem pesto.
Bên cạnh đó, món Phở Le Chanvre cũng là món ăn được nhiều thực khách yêu thích, kết hợp nguyên liệu tươi ngon với kỹ thuật chế biến tinh xảo.
Món ăn tại Mun Dining được chăm chút tỉ mỉ từ hương vị đến cách trình bày, thể hiện sự sáng tạo trong phong cách ẩm thực (Ảnh: Mun Dining).
Nhà hàng phục vụ cả bữa sáng, bữa trưa và bữa tối. Mức giá tại đây dao động từ 600.000 đồng đến 1 triệu đồng mỗi người, phù hợp với những ai muốn trải nghiệm ẩm thực cao cấp, sang trọng ngay giữa trung tâm Hà Nội.
Dù giá thành cao và vào cuối tuần quán thường đông, Mun Dining - Fine Dining Hanoi vẫn là lựa chọn lý tưởng cho những thực khách tìm kiếm không gian tinh tế, dịch vụ chuyên nghiệp và ẩm thực đẳng cấp.
Địa chỉ:84-86 Hàng Gai, phường Hoàn Kiếm, Hà Nội
Giờ mở cửa:6h30-22h30
Giá tham khảo:600.000-1 triệu đồng/người
Nằm trên con phố Lò Sũ, không gian của Colette French Bistro & Wine Bar được thiết kế hướng đến sự ấm cúng, sang trọng nhưng vẫn gần gũi. Bàn ghế gỗ kết hợp ghế bọc da tông trầm được sắp xếp thoáng, có cả khu vực bàn chung và phòng riêng, phù hợp cho nhóm bạn hoặc bữa tối gia đình.
Bước vào quán, thực khách sẽ ấn tượng với tông màu xám, ghi và trắng chủ đạo, những bức tranh treo tường điểm xuyết khung đỏ cùng chi tiết kiến trúc tinh tế. Các cây xanh xung quanh mang lại cảm giác gần gũi với thiên nhiên, tạo không gian thư giãn và lãng mạn.
Với vị trí đẹp và các món đồ Tây hấp dẫn, Colette French Bistro & Wine Bar chinh phục nhiều thực khách (Ảnh: Colette French Bistro & Wine Bar).
Điểm nổi bật của Colette French Bistro & Wine Bar nằm ở nguồn nguyên liệu cao cấp và các món Pháp truyền thống như steak thượng hạng, gan ngỗng, cá ngừ áp chảo hay thịt bò dẻ sườn Úc Black Angus kết hợp rượu vang đỏ...
Thực phẩm được chế biến tỉ mỉ, giữ trọn hương vị tự nhiên, đồng thời trình bày đẹp mắt. Nhân viên hướng dẫn cách kết hợp món ăn với rượu vang, đảm bảo trải nghiệm chuẩn vị Pháp.
Với không gian lung linh ánh đèn vàng, nhạc sống du dương và mức giá 400.000-800.000 đồng/người, Colette French Bistro & Wine Bar là lựa chọn lý tưởng cho hẹn hò, gặp gỡ bạn bè, sum họp gia đình, tổ chức sinh nhật hay liên hoan công ty.
Thực khách nên đặt bàn trước, đặc biệt vào cuối tuần, để đảm bảo có chỗ và trải nghiệm trọn vẹn.
Địa chỉ:12 Lò Sũ, phường Hoàn Kiếm, Hà Nội
Giá tham khảo:400.000-800.000 VNĐ/người
Giờ mở cửa:11h30-23h
Tọa lạc trên con phố sầm uất bậc nhất Hà Nội, El Gaucho Steakhouse mang đến trải nghiệm ẩm thực tinh tế trong không gian hiện đại, sang trọng.
Nhà hàng nằm trong căn nhà cổ hai tầng rộng rãi, thoáng đãng, kết hợp khu bàn chung và phòng riêng, phù hợp cho nhóm bạn, gia đình, gặp gỡ đối tác hay tổ chức cácsự kiệnnhỏ.
Thịt bò của quán được nướng trên than hồng, giữ trọn vị ngọt và hương thơm tự nhiên (Ảnh: El Gaucho Steakhouse).
Điểm nhấn của El Gaucho Steakhouse là các loại thịt bò nhập khẩu từ Argentina, được chế biến tỉ mỉ, nướng trên bếp than hồng, giữ nguyên vị ngọt, mềm và hương thơm đặc trưng.
Thực đơn phong phú với các món bít tết đa dạng, salad, khoai tây nướng cùng các món phụ giúp bữa ăn trở nên hoàn chỉnh. Nhân viên nhiệt tình, chu đáo, sẵn sàng tư vấn thực đơn và hướng dẫn cách thưởng thức bít tết đúng cách, mang đến trải nghiệm chuẩn nhà hàng bít tết quốc tế.
Nhà hàng phục vụ cả bữa trưa lẫn bữa tối, đồng thời có phòng ăn riêng cho các dịp tiệc, sự kiện. Với không gian lung linh ánh đèn vàng và thiết kế sang trọng, El Gaucho là lựa chọn lý tưởng cho hẹn hò, gặp gỡ bạn bè, sum họp gia đình, tổ chức sinh nhật hay liên hoan công ty.
Thực khách nên đặt bàn trước, đặc biệt vào giờ cao điểm hoặc dịp lễ, để đảm bảo trải nghiệm trọn vẹn.
Địa chỉ:11 Tràng Tiền, phường Cửa Nam, Hà Nội
Giá tham khảo:1 triệu-1,5 triệu đồng/người
Giờ mở cửa:11h30-23h"
https://dantri.com.vn/du-lich/vu-chu-quan-che-khach-lay-1000-dong-tien-cua-minh-co-gi-ma-khong-thoang-20251106112538174.htm,"Vụ chủ quán chê khách lấy 1.000 đồng: Tiền của mình, có gì mà không thoáng?","(Dân trí) - Vụ việc chủ quán bánh tôm ở Hà Nội chê khách nhận lại 1.000 đồng tiền thừa là không thoáng thu hút sự chú ý từ dư luận. Ông Trần Trung Hiếu, chuyên gia ngành F&B cho rằng, chủ quán thiếu đàng hoàng.","Trong những ngày qua, vụ việc liên quan tới người đồng sáng lập thương hiệu Bánh Tôm Bà Lộc (phường Phạm Ngọc Thạch, Hà Nội) có đoạn video gây tranh cãi, tiếp tục thu hút sự chú ý của dư luận.
Ở video trước đó, bà T. đăng tải nội dung chê khách chờ lấy lại 1.000 đồng tiền thừa.
Nội dung chia sẻ này khiến người xem phản ứng dữ dội. Ngay trong ngày 5/11, bà T. đã chia sẻ thêm video xin lỗi và xóa bỏ đoạn clip gây tranh cãi trước đó, nhưng không khiến dư luận dịu xuống.
Từ khi nào khách lấy lại tiền thừa của mình bị xem là không thoáng?
Chia sẻ với phóng viênDân trívề vấn đề này, ông Trần Trung Hiếu, chuyên gia trong ngành F&B nhận định, trường hợp xảy ra tại quán bánh tôm vừa qua thể hiện sự thiếu minh bạch và thiếu chuyên nghiệp của đơn vị kinh doanh.
""Làm việc trong lĩnh vực này, tôi đã sử dụng dịch vụ của các hàng quán từ trong Nam ra Bắc và thấy rằng hàng quán ở các nơi đều trả lại tiền thừa cho khách rất đàng hoàng.
Chủ quán nên hiểu rằng, cho dù chỉ là 1.000 đồng hay 2.000 đồng, đây đều không phải tiền của mình. Nếu anh làm dịch vụ tốt khiến khách hài lòng, họ thấy yêu quý sẽ chủ động gửi lại tiền tip (tiền cho thêm)"", ông Hiếu nói.
Cũng theo vị chuyên gia này, câu chuyện những đồng tiền lẻ không nằm ở chỗ giá trị của khoản tiền ra sao, mà thể hiện chủ quán có trung thực với khách hàng của mình hay không. Đó mới là giá trị cốt lõi để khách tin tưởng vào chất lượng dịch vụ.
Bởi lẽ, ngay cả với số tiền 1.000 đồng, người chủ còn muốn ""chiêu trò"", thì thực khách có thể sẽ quay sang nghi vấn, liệu cơ sở này cung cấp chất lượng dịch vụ ổn hay không?
Vụ việc xảy ra tại một cơ sở bánh tôm ở Hà Nội (Ảnh chụp từ màn hình).
Theo ông Hiếu, vài nghìn tiền lẻ không nhiều, nhưng cái giá phải trả có thể gây ra hiệu ứng xấu tới khách hàng, đắt hơn gấp nhiều lần. Với những quán tư duy như thế, khó lòng đi đường dài.
Giữa thời buổi ngành kinh doanh dịch vụ ăn uống có sự cạnh tranh khốc liệt, những cơ sở nào tạo dựng được niềm tin, sự chân thành, mới lôi kéo và giữ chân khách ở lại lâu hơn.
Chủ quán cần đàng hoàng với số tiền lẻ dù nhỏ
Cùng chung nhận định, ông Nguyễn Thái Bình, chuyên gia ngành F&B, Giám đốc Học viện Concepts cho rằng, ở trường hợp này thể hiện sự thiếu tính minh bạch, gây nên phản ứng tiêu cực.
Nếu quán đón 500 người mỗi ngày, mỗi người chỉ cần 1.000 đồng tiền lẻ cũng là số tiền không nhỏ (Ảnh minh hoạ: Anh Tú).
Ông Bình đưa ra ví dụ, nếu một quán đón lượng khách khoảng 500 người mỗi ngày. Trong đó, mỗi khách đều bị quán ""ăn gian"" một vài đồng tiền lẻ, thì khoản tiền một tháng bị chiếm dụng sẽ không hề nhỏ.
Từ sự mập mờ về lâu dài sẽ tạo ra tâm lý khó chịu cho khách. Họ lấy lại khoản tiền của mình là điều hoàn toàn chính đáng, vì lý do gì bị coi là không thoáng?
Vị chuyên gia này cũng dẫn chứng một trường hợp cụ thể ở một lò bánh mì đặc ruột trên đường Trần Quang Khải (TPHCM) với giá 7.000 đồng/ổ. Nhiều thực khách tới đây từng phàn nàn, họ không được quán hoàn trả số tiền lẻ dù nhỏ. Điều này khiến khách không thích và quyết định tìm mua ở chỗ mới dù đây vốn là lò bánh mì ngon có tiếng.
Để khắc phục vấn đề này, ông Bình cho rằng, chủ quán cần chuẩn bị sẵn một số lượng tiền lẻ cần thiết trong mỗi buổi kinh doanh. Trong trường hợp tiền lẻ đã cạn, có thể chuẩn bị thêm một ít kẹo tặng khách. Đương nhiên, nếu muốn tặng kẹo, nhân viên quán cũng nên chủ động hỏi trước xem liệu khách có đồng ý hay không.
""Làm trong lĩnh vực F&B cần đặt sự thấu hiểu, quan tâm tới cảm xúc của khách hàng lên hàng đầu. Chính điều đó khiến khách hàng cảm thấy được tôn trọng, từ đó hình thành mối quan hệ bền vững giữa đôi bên.
Khi anh phục vụ bằng sự chân thành, khách hàng sẽ cảm nhận được và trân quý anh. Họ có thể quay lại, kể câu chuyện của anh với người khác. Đó là cách thương hiệu được lan tỏa tự nhiên và đáng tin cậy nhất”, ông Trần Trung Hiếu phân tích."
https://dantri.com.vn/du-lich/du-khach-ra-bien-luot-song-truoc-gio-bao-kalmaegi-ap-sat-20251106111246674.htm,Du khách ra biển lướt sóng trước giờ bão Kalmaegi áp sát,"(Dân trí) - Nhiều ngư dân đã tranh thủ ra biển đánh cá, du khách vẫn dạo chơi, lướt ván trong lúc biển động khi bão Kalmaegi đang áp sát.","Trưa 6/11, thời tiết Đà Nẵng âm u, khu vực ven biển phường Sơn Trà có mưa nhỏ, gió chưa lớn, sóng biển cao 0,5-1m, nước đục ngầu. Ngư dân đang tất bật đưa những chiếc thuyền cuối cùng lên bờ để tránh bão Kalmaegi (bão số 13).
Ghi nhận tại bãi biển Mân Thái, khoảng 10h cùng ngày, nhiều ngư dân tranh thủ mang lưới ra biển để đánh cá. Có người lội ra ngoài khu vực sóng cao để giăng lưới.
Du khách ra biển lướt ván vào trưa 6/11 (Ảnh: Hoài Sơn).
Trong khi đó, trời chưa có gió và mưa lớn nên du khách vẫn giữ thói quen ra biển để dạo chơi, tập thể dục. Một số du khách nước ngoài còn lướt ván khi cho rằng đây là mức sóng biển phù hợp để trải nghiệm mônthể thaonày.
Theo dự báo của Đài khí tượng thủy văn Trung Trung Bộ, do ảnh hưởng của bão Kalmaegi, ven biển Đà Nẵng sẽ có nước dâng do gió mạnh, cao 0,5-1m.
Đơn vị này cảnh báo, đề phòng mực nước biển dâng cao kèm theo sóng lớn gây ngập úng tại khu vực trũng thấp, sóng tràn đê, đườnggiao thôngven biển, sạt lở bờ biển, làm chậm thoát lũ trên khu vực.
Toàn bộ tàu, thuyền, khu nuôi trồng thủy sản trong các vùng nguy hiểm đều chịu tác động mạnh của dông, lốc, gió mạnh, sóng lớn và nước biển dâng.
Ngày 6-7/11 tại các xã, phường thuộc thành phố Đà Nẵng cũng được dự báo khả năng xảy ra một đợt mưa lớn diện rộng.
Nhiều ngư dân đã tranh thủ mang lưới ra biển để đánh cá (Ảnh: Hoài Sơn).
Trước đó, UBND thành phố Đà Nẵng đã ban hành văn bản chỉ đạo các đơn vị khẩn trương xây dựng phương án cụ thể về ứng phó với bão Kalmaegi.
Thành phố giao Bộ Chỉ huy Quân sự, Công an cùng các sở, ban, ngành, UBND các xã, phường, đặc khu khẩn trương kiểm tra, rà soát các khu vực, địa điểm có nguy cơ sạt lở đất, ngập lụt, lũ quét nặng để sơ tán, di dời người dân đến nơi an toàn. Việc di dời phải hoàn thành trước chiều ngày 6/11.
Ông Briu Quân, Chủ tịch UBND xã Avương, cho biết địa phương đã lên danh sách và đang tập trung bố trí, di dời dân để phòng tránh bão Kalmaegi, sạt lở đất đá, ngập lụt và sẽ hoàn thành trong chiều 6/11.
Theo Trung tâm Dự báo khí tượng thủy văn quốc gia lúc 7h ngày 6/11, tâm bão Kalmaegi cách Quy Nhơn (Gia Lai) khoảng 330km về phía Đông Đông Nam.
Sức gió mạnh nhất vùng gần tâm bão mạnh cấp 14 (150-166km/h), giật cấp 17. Trong 12 giờ tới bão di chuyển ổn định theo hướng Tây Tây Bắc, tốc độ khoảng 25km/h.
Đến 19h cùng ngày, trên vùng ven biển Quảng Ngãi - Đắk Lắk với cường độ cấp 13, giật cấp 17 và đi sâu vào đất liền.
Lúc 7h ngày 7/11, bão trên khu vực Nam Lào và suy yếu thành áp thấp nhiệt đới.
Cơ quan khí tượngNhật Bảncho biết, hiện sức gió mạnh nhất vùng gần tâm bão Kalmaegi lên đến 157km/h. Đài này dự báo đến chiều tối 6/11, bão sẽ đạt cực đại với sức gió lên đến 176km/h và sau đó suy yếu, đi sâu vào đất liền Trung Bộ.
Còn theo cơ quan khí tượng Hong Kong (Trung Quốc) sức gió mạnh nhất vùng gần tâm bão đang ở mức 160km/h, đạt cực đại vào chiều tối nay với sức gió lên tới gần 180km/h và sau đó suy yếu dần khi vào gần đất liền Quảng Ngãi - Gia Lai."
https://dantri.com.vn/du-lich/quan-nuong-o-ha-noi-co-chu-cho-xau-la-chu-lo-vo-tran-vi-dong-khach-20251104232026586.htm,"Quán nướng ở Hà Nội có chú chó xấu lạ, chủ lo ""vỡ trận"" vì đông khách","(Dân trí) - Với gương mặt dài và tai nhọn, chú chó tên Tam sống tại một quán thịt nướng trong ngõ nhỏ ở Hà Nội gây sốt nhờ giống nhân vật ""Cậu Vàng"" trong tựa game ""Quán phở anh Hai"".","Chú chó ""xấu lạ"" bất ngờ gây sốt, chủ quán ngỡ ngàng
Những ngày qua, khi một tựa game Việt mang tên ""Brother Hai’s Pho Restaurant"" (tạm dịch: Tiệm phở của anh Hai) gây sốt trên nhiều nền tảng mạng xã hội, một quán nướng nhỏ nằm ở ngõ Thịnh Quang thuộc phường Đống Đa (Hà Nội) cũng nhận được sự chú ý đặc biệt.
Nguyên nhân xuất phát từ chú chó của quán thịt nướng được nhận xét có ngoại hình giống với nhân vật ""Cậu Vàng"" xuất hiện trong trò chơi.
Chia sẻ với phóng viênDân trí,anh Xuân Minh, chủ quán thịt nướng cho biết, khi vô tình xem bài đăng về tựa game Việt đang gây sốt, thấy mặt ""Cậu Vàng"" trong game giống với chú chó cưng mà gia đình đang nuôi, anh thử đăng tải một hình ảnh bình luận cho vui.
Không ngờ sau đó, hình ảnh được chia sẻ rầm rộ khiến chú chó của gia đình thịt nướng trở nên nổi tiếng trên mạng xã hội.
Được biết, chú chó của chủ tiệm thịt nướng có tên gọi thân mật là Tam, thuộc giống chó sục bò (Bull Terrier). Chú chó Tam là giống cái, hơn 4 tuổi, nặng 22kg, được gia đình nuôi dưỡng từ nhỏ.
Tam thích được tương tác và thường đi xin ăn ké đồ của khách (Ảnh: Nhân vật cung cấp).
""Lúc đầu mới nuôi Tam, tôi cũng nhận được nhiều ý kiến nhận xét về ngoại hình của nó. Người thì bảo Tam giống con lừa với gương mặt dài, tai vểnh, người khác lại nói trông không khác gì con dê. Nhưng khi đã tiếp xúc với Tam, hầu như ai cũng thích bởi con vật tính tình thân thiện, đáng yêu"", chủ quán thịt nướng nhận xét.
Theo quan sát của anh Minh, chú chó Tam có khả năng giao tiếp tốt với khách. Khi còn nhỏ, con vật chỉ ăn cơm. Nhưng lúc lớn lên, nó thường xuyên chạy tới bàn của khách, chờ được gọi ăn.
""Tam rất biết chiều lòng khách. Ai gọi cũng chạy ra nên thích được khách tặng cho vài miếng đồ nướng"", chủ quán chia sẻ.
Chủ quán lo khách quá tải sẽ không kịp phục vụ
Quán thịt nướng của gia đình anh Minh hoạt động hơn 3 năm, phục vụ ở khung giờ từ 18h tới khoảng 0h mỗi ngày. Các món chủ đạo gồm các loại thịt lợn được tẩm ướp theo công thức gia truyền. Ngoài ra, quán còn có bánh mì nướng, đồ ăn vặt và một số món lẩu.
Khi hình ảnh về chú chó Tam được nhiều người biết tới, anh Minh thừa nhận quán cũng được thực khách quan tâm hơn. Quán nằm trong ngõ, từ trước tới nay vẫn phục vụ theo phong cách gia đình.
Ở thời điểm hiện tại, chủ quán cho biết, nếu thời gian tới cửa tiệm quá tải lượng khách, cơ sở kinh doanh sẽ phải tuyển thêm người. Hiện quán không nhận đặt trước bàn vì lượng khách đông hơn thường lệ.
""Chúng tôi rất vui vì thực khách yêu quý Tam, nhưng cũng chỉ mong mọi người tới đây có thái độ văn minh, vui vẻ"", chủ quán bộc bạch.
Trước đó, một số hàng quán ở Việt Nam cũng được nhiều người biết tới nhờ hiệu ứng từ những ""nhân vật đặc biệt"".
Chú chó tại quán ăn ở TPHCM tới tận bàn xin ăn (Ảnh: Instagram nhân vật).
Năm 2024, một quán nem nướng ở TPHCM bỗng gây sốt, thu hút lượng khách lớn tới trải nghiệm, bởi có sự xuất hiện của 2 chú chó corgi. Theo hình ảnh chia sẻ của nhiều thực khách, họ muốn tới đây cũng vì một phần thích chơi đùa, tương tác cùng con vật.
Được biết, quán nem nướng vốn kinh doanh nhiều năm, nhưng chỉ nhận về sự chú ý đặc biệt khi có 2 chú chó xuất hiện. Quán mở cửa đón khách từ 11h tới 21h30 hàng ngày. Trong khi đó, 2 chú chó thường có mặt từ 16h tới khoảng 21h. Đây cũng là thời điểm quán đông khách nhất trong ngày."
https://dantri.com.vn/du-lich/tim-cu-ba-han-quoc-di-lac-chu-tiem-tu-choi-nhan-13-trieu-dong-tien-cam-on-20251103232011927.htm,"Tìm cụ bà Hàn Quốc đi lạc, chủ tiệm từ chối nhận 13 triệu đồng tiền cảm ơn","(Dân trí) - Dù bất đồng ngôn ngữ nhưng thấy gương mặt người đàn ông Hàn Quốc lộ rõ vẻ hốt hoảng thất thần kể về việc người mẹ mất trí nhớ tạm thời đã đi lạc ở Phú Quốc, anh Phương vội lấy xe hỗ trợ tìm kiếm.","Khoảng 18h ngày 2/11, anh Hoàng Phương, chủ cửa tiệm trái cây nằm trên đường Trần Hưng Đạo ở đặc khu Phú Quốc (tỉnh An Giang) đang ngồi trước cửa nhà, thấy một du khách người Hàn Quốc với gương mặt hốt hoảng, thất thần, chạy tới nhờ hỗ trợ.
Vị khách đi cùng một người Việt Nam. Qua trao đổi, người đàn ông Hàn Quốc cho biết cùng gia đình tới Phú Quốc du lịch. Khi cả đoàn đang vui chơi ở khu vực Long Beach Mart, cụ bà là mẹ ruột của người đàn ông bất ngờ mất tích.
Gia đình rất lo lắng vì cụ bà hiện mất trí nhớ tạm thời. Cụ có thể đã đi bộ lang thang ở đâu đó và không tìm được đường về. Ở nơi đất khách quê người, vị khách Hàn Quốc càng hoang mang hơn vì chưa biết tìm mẹ chỗ nào.
Thấy tiệm trái cây nằm ở đường lớn lại có camera an ninh gắn bên ngoài cửa, vị khách ngỏ ý muốn nhờ anh Phương hỗ trợ rà soát toàn bộ camera, xem liệu cụ bà có đi bộ ngang qua khu vực này hay không.
Sau khi xem ảnh của cụ bà do người con trai cung cấp, chủ cửa tiệm lập tức rà soát. Tất cả cùng căng mắt nhìn lên màn hình để không bỏ lỡ chi tiết nào.
Khoảng 15-20 phút tra soát trên camera, mọi người đều ồ lên khi thấy bóng dáng của một cụ bà lớn tuổi, tay cầm gậy, bước chậm rãi qua cửa tiệm hoa quả. Người con trai nhận ra ngay đây chính là mẹ mình.
Không để chậm trễ giây phút nào, anh Phương nhìn theo hướng đi của cụ bà, chở vị khách Hàn Quốc lên đường tìm kiếm. Sống ở Phú Quốc khoảng 10 năm nay nên anh thông thạo mọi tuyến đường tại đây.
Tìm cụ bà Hàn Quốc đi lạc, chủ tiệm từ chối nhận 13 triệu đồng tiền cảm ơn (Nguồn video: Nhân vật cung cấp).
Cả hai ngồi trên xe máy, rà soát toàn bộ 3-4 trục đường chính. Vừa đi, anh đôi lúc dừng lại bên đường để dò hỏi thông tin từ những người bán hàng rong, chủ cửa tiệm. Một số người cho biết có nhìn thấy một bà cụ có trang phục giống trong điện thoại, tay chống gậy và đi bộ qua đây khoảng một tiếng trước.
Tìm ra manh mối, cả hai lại tiếp tục lên đường. Anh Phương cũng đăng tải thông tin lên hội nhóm ở Phú Quốc, nhờ cộng đồng chung tay giúp đỡ. Bài viết của anh nhận về lượng tương tác lớn. Trong đó không ít người nhiệt tình cung cấp cho anh nhiều thông tin quan trọng.
Theo lời chỉ dẫn, cuối cùng cả hai tìm thấy cụ bà vẫn đang chống gậy bước đi trên đường. Dáng vẻ cụ có vẻ mệt mỏi nhưng vẫn tỉnh táo. Khi tìm thấy mẹ, người đàn ông Hàn Quốc suýt bật khóc vì xúc động. Sau đó, anh Phương chở xe đưa cả 2 mẹ con trở về tiệm trái cây nhà mình để chờ xe cả đoàn tới đón.
Vị khách Hàn Quốc gửi tiền cảm ơn nhưng anh Phương lịch sự từ chối (Ảnh cắt từ clip).
Được biết, khu vực nơi cụ bà bị lạc cách quán của anh Phương gần 5km. Tổng thời gian tìm kiếm mất khoảng 2 tiếng nhưng ai cũng vui vẻ quên hết mệt mỏi.
""Thấy họ mừng rỡ cảm động, tôi cũng hạnh phúc lây. Dù giữa chúng tôi có rào cản về ngôn ngữ, chỉ có thể giao tiếp nhờ phần mềm dịch thuật trên điện thoại và những điệu bộ cử chỉ ngôn ngữ cơ thể, nhưng tôi biết, vị khách Hàn Quốc rất cảm kích"", chủ tiệm trái cây chia sẻ.
Để bày tỏ lòng cảm ơn, người đàn ông dúi vào tay anh Phương khoảng 500 USD (hơn 13 triệu đồng) nhưng anh dứt khoát từ chối. Hai bên cúi đầu chào nhau như một lời tạm biệt thân tình.
""Giúp được ai trong lúc khó khăn cũng là điều nên làm, đặc biệt là những vị khách phương xa. Tôi không thể nhận số tiền này mà muốn du khách hiểu rằng, người Việt Nam rất thân thiện và nhiệt thành"", anh chia sẻ.
Hiện Phú Quốc là lựa chọn phổ biến của khách Hàn Quốc nhờ cảnh quan thiên nhiên và dịch vụ tốt. Sự gia tăngdu lịchtừ nhóm khách này tới đảo ngọc trong nửa đầu năm nay là minh chứng rõ nét.
Trong 6 tháng đầu năm, có 725.114 lượt khách nhập cảnh đến Phú Quốc trên 4.443 chuyến bay. So với cùng kỳ năm trước, khách Hàn Quốc tăng 38.4% và đứng đầu trong tệp khách quốc tế tới Phú Quốc.
Theo đại diện một đơn vị lữ hành tại địa phương, khách Hàn Quốc tới đây có xu hướng du lịch theo nhóm gia đình, đặt dịch vụ riêng lẻ như phòng khách sạn, dịch vụ khám phá đảo và lưu trú khoảng 5 ngày."
https://dantri.com.vn/du-lich/3-ty-phu-an-ga-ran-uong-bia-tra-tien-hoa-don-cho-khach-quan-an-vo-tran-20251103104917326.htm,"3 tỷ phú ăn gà rán uống bia, trả tiền hóa đơn cho khách, quán ăn ""vỡ trận""","(Dân trí) - Sau bữa gà rán, uống bia của 3 tỷ phú công nghệ thế giới, quán ăn ở Seoul (Hàn Quốc) rơi vào tình trạng ""vỡ trận"" bởi lượng khách đông bất ngờ. Nhiều người tranh nhau tìm chỗ ngồi của các tỷ phú.","3 tỷ phú ăn gà rán uống bia, thanh toán toàn bộ hóa đơn cho khách
3 tỷ phú công nghệ hàng đầuthế giớibất ngờ xuất hiện tại một quán gà rán nổi tiếng ở Seoul (Hàn Quốc) vào tối 30/10 trong sự ngỡ ngàng của thực khách. Sau đó, họ thanh toán toàn bộ hóa đơn cho tất cả mọi người có mặt tại quán.
Đó là sự có mặt của 3 tỷ phú Jensen Huang, Giám đốc điều hành Nvidia - tập đoàn sản xuất chip AI lớn nhất thế giới, Lee Jae-yong, Chủ tịch Samsung Electronics và Chung Eui-sun, Chủ tịch điều hành Tập đoànHyundaiMotor trong quán ăn nhỏ nằm ở quận Gangnam để thưởng thức món gà rán và bia truyền thống.
Truyền thông Hàn Quốc cho biết, 3 tỷ phú đã chọn Kkanbu Chicken là chuỗi nhà hàng nổi tiếng với món ""chimaek"" có sự kết hợp với gà rán và bia vốn là biểu tượng ẩm thực quen thuộc của Hàn Quốc.
Xuất hiện trong bộ trang phục gồm áo khoác da màu đen đặc trưng, tỷ phú Jensen Huang thoải mái trò chuyện cùng người hâm mộ. Ông nhiều lần rời bàn để tự tay mang đồ ăn tặng khách qua đường.
“Tôi yêu gà rán, yêu bia và rất thích được ăn gà rán uống bia cùng bạn bè”, ông nói vui với phóng viên.
Chiếc bàn của ba tỷ phú được sắp ngay sát cửa sổ lớn của quán, giúp người qua đường dễ dàng nhìn thấy cảnh họ chạm ly, khoác tay nhau nâng cốc.
Đây vốn là khoảnh khắc rất hiếm hoi bởi thông thường lãnh đạo các tập đoàn lớn (chaebol) ở Hàn Quốc như ông Lee và ông Chung thường rất kín tiếng trong đời sống cá nhân.
Chỉ ít phút sau, video về bữa tối lan truyền khắp các nền tảng mạng xã hội Hàn Quốc và gây bão.
Được biết trong bữa tối đặc biệt này, 3 tỷ phú công nghệ đã gọi 3 con gà nguyên con kèm phô mai que và bia. Họ thanh toán tổng hóa đơn khoảng 2,7 triệu won (gần 50 triệu đồng). Số tiền này bao gồm cả phần chi trả cho đồ ăn của các thực khách khác.
""Theo quan sát của tôi, ông Jensen Huang là người dẫn dắt câu chuyện trong suốt buổi trò chuyện. Chúng tôi không hề biết danh tính của khách nên vẫn chuẩn bị như bình thường ngoài việc dọn dẹp kỹ lưỡng hơn. Trước buổi phục vụ khách một ngày, chúng tôi mới được biết nhóm khách sẽ phục vụ là ai"", chủ quán tiết lộ.
3 tỷ phú ăn gà rán uống bia chi hóa đơn 50 triệu đồng, quán ăn vỡ trận (Nguồn video: Bloomberg).
Cũng theo vị này, 9 ngày trước khi buổi gặp mặt diễn ra, ông nhận được cuộc gọi đặt bàn từ một nhân viên của tập đoàn Nvidia. Người này nói sẽ có 3 vị khách quan trọng tham gia bữa ăn, nhưng lại đặt tới 7 bàn, khiến chủ quán thấy lạ.
Một số nhân viên của quán cho biết, họ rất bất ngờ khi được trực tiếp phục vụ đoàn khách đặc biệt. Ba vị khách ngồi ở bàn, cùng nhau thưởng thức những miếng gà rán cay, uống bia lạnh và vui vẻ trò chuyện như mọi thực khách bình thường.
Quán ăn ""vỡ trận"" vì khách tăng đột biến
Được biết, một suất gà rán ""chimaek"" tại quán có giá từ 15.000 won đến 20.000 won (280.000 đồng-370.000 đồng). Gà rán giòn rụm được tẩm ướp hương vị cay nên khách muốn uống thêm bia để giải nhiệt.
Ngay sau bữa ăn đặc biệt, quán gà rán rơi vào tình trạng ""vỡ trận"" bởi lượng khách tăng đột biến. Cơn sốt gà rán bia lạnh bùng nổ, khiến nhiều thực khách và du khách tới Hàn Quốc dịp này đều uống tới quán để thưởng thức.
Chiều 31/10, khi quán vừa mở cửa, cả chục khách đã lao vào trong, muốn tìm đúng vị trí ngồi của các tỷ phú trước đó để trải nghiệm. Tiếng chuông điện thoại đặt bàn không ngừng reo lên, càng làm không khí thêm huyên náo.
Tình trạng cháy hàng tới mức cửa hàng chủ lực của chuỗi gà rán này tại một chi nhánh thuộc quận Suji, tỉnh Gyeonggi, đưa ra thông báo tạm đóng cửa trong 2 ngày là 1/11 và 2/11.
""Do lượng đơn hàng vượt quá dự kiến nên chúng tôi phải tạm thời đóng cửa nhằm đảm bảo phục vụ cho thực khách tốt hơn. Khi mở cửa trở lại, chúng tôi cam kết sẽ có chất lượng và dịch vụ khiến khách hài lòng"", đại diện cửa tiệm nói."
https://dantri.com.vn/du-lich/may-bay-tu-da-nang-di-hong-kong-bi-cham-hon-1-tieng-vi-cap-doi-cai-nhau-20251105095501283.htm,Máy bay từ Đà Nẵng đi Hong Kong bị chậm hơn 1 tiếng vì cặp đôi cãi nhau,(Dân trí) - Một cặp đôi đến từ Hong Kong (Trung Quốc) đã bị yêu cầu rời chuyến bay của hãng HK Express khởi hành từ Đà Nẵng đi Hong Kong sau khi xảy ra cãi vã lớn trước giờ cất cánh.,"Vụ việc xảy ra tối 2/11 trên chuyến bay UO559. TheoSouth China Morning Post, khi làm thủ tục lên máy bay tại sân bay quốc tế Đà Nẵng, một người phụ nữ lớn tiếng cáo buộc bạn trai từng vào nhà thổ và hành hung cô 40 lần, thậm chí còn khẳng định có hồ sơ bệnh viện làm bằng chứng.
Cả hai đã tranh cãi từ khi ở khu vực chờ bay (Ảnh: Chụp màn hình).
Người đàn ông tìm cách rời khu vực chờ bay, nhưng bất thành, tranh cãi tiếp tục leo thang. Khi lên máy bay, tình hình càng căng thẳng sau khi cặp đôi không được sắp xếp ngồi cạnh nhau.
Người phụ nữ yêu cầu tiếp viên đổi chỗ để cô ngồi cạnh bạn trai nhưng không được chấp thuận, dẫn tới việc cô có lời lẽ lớn tiếng và xô đẩy tiếp viên. Một số nguồn tin cho hay, một tiếp viên đã bị đẩy ngã trong lúc can thiệp.
Trước tình huống này, tổ bay đã yêu cầu lực lượng mặt đất hỗ trợ đưa cả hai hành khách rời khỏi máy bay nhằm đảm bảo an toàn cho các hành khách khác và tổ bay.
Thông báo của HK Express cho biết: “Cả hai hành khách đã rời máy bay. Chuyến bay sau đó khởi hành chậm so với thời gian ban đầu là 1 tiếng 25 phút”.
Dữ liệu theo dõi chuyến bay cho thấy UO559 rời Đà Nẵng muộn và hạ cánh tại Hong Kong lúc 22h50 (giờ địa phương).
Trong thông cáo gửi báo chí, HK Express nhấn mạnh an toàn của hành khách và tổ bay luôn là ưu tiên hàng đầu. Hãng đánh giá cao sự xử lý “chuyên nghiệp và bình tĩnh” của đội ngũ tiếp viên và nhân viên mặt đất, đồng thời cho biết sẽ tiếp tục duy trì quy trình nghiêm ngặt đối với các hành vi gây rối trên máy bay.
Sự việc thu hút nhiều chú ý trên mạng xã hội Hong Kong khi đoạn video ghi lại màn tranh cãi lan truyền rộng rãi. Trong video, người phụ nữ đã hét lên “Cả Hong Kong sẽ biết những việc anh làm” và cáo buộc bạn trai ngoại tình.
Ồn ào chuyện ngoại tình, cặp đôi khiến chuyến bay trễ 85 phút ở Đà Nẵng (Video: SCMP).
Giới chuyên gia hàng không nhận định, các hãng bay thường buộc phải quyết liệt trong những trường hợp hành khách gây rối nhằm ngăn chặn nguy cơ leo thang bạo lực trên không.
Ngoài ảnh hưởng tới trải nghiệm hành khách, hành vi gây rối có thể bị xem xét cấm bay hoặc xử lý theo quy định pháp luật tại một số quốc gia.
HK Express là hãng hàng không giá rẻ thuộc Cathay Pacific, khai thác nhiều đường bay giữa Việt Nam và Hong Kong. Đại diện hãng tại thời điểm này chưa thông báo biện pháp xử lý tiếp theo đối với hai hành khách nói trên."
https://dantri.com.vn/du-lich/du-lich-nong-thon-gan-voi-bao-ton-di-san-chia-khoa-cua-phat-trien-xanh-20251105200910318.htm,Du lịch nông thôn gắn với bảo tồn di sản - chìa khóa của phát triển xanh,"(Dân trí) - Nếu trước đây, nông thôn Việt Nam được xem là ""vùng phụ trợ"" cho du lịch đô thị, thì nay, những làng nghề và vùng sinh thái đã trở thành điểm đến chính trong hành trình khám phá của du khách.","Du lịchnông thôn - không chỉ là “đi chơi ở làng quê”
Từ trải nghiệm làm nông, học nghề truyền thống đến hòa mình vào đời sốngvăn hóabản địa, du lịch nông thôn đang mở ra không gian sống động, đậm bản sắc. Mô hình này không chỉ giúp người dân nâng cao sinh kế, mà còn góp phần gìn giữ di sản văn hóa.
Theo định hướng của Bộ Văn hóa,Thể thaovà Du lịch, du lịch nông thôn không chỉ là đến làng quê nghỉ ngơi, mà là chiến lược phát triển hài hòa giữa bảo tồn di sản và kinh tế xanh.
Mù Cang Chải (Lào Cai) vốn nổi tiếng với những ruộng bậc thang đẹp như tranh vẽ (Ảnh: T.L.).
Việt Nam hiện có hàng nghìn làng nghề truyền thống, hàng trăm làng cổ cùng vô số di sản văn hóa vật thể và phi vật thể được UNESCO ghi danh. Tuy nhiên, nếu bảo tồn không đi cùng sinh kế cộng đồng, nhiều giá trị quý sẽ có nguy cơ mai một.
Vì thế, Chương trình phát triển du lịch nông thôn trong xây dựng nông thôn mới giai đoạn 2021-2025, được phê duyệt theo Quyết định 922/QĐ-TTg ngày 2/8/2022, xác định mục tiêu phát huy giá trị văn hóa truyền thống và cảnh quan sinh thái đặc trưng từng vùng, đồng thời thúc đẩy du lịch cộng đồng gắn với bảo tồn di sản và bảo vệ môi trường.
Thay vì xem di sản như “bảo vật để trưng bày”, nhiều địa phương đã chủ động “kích hoạt” giá trị ấy qua du lịch, để nghề truyền thống, văn hóa bản địa trở thành phần sống động của đời sống nông thôn hôm nay.
Giữ hồn Việt trên hành trình phát triển
Vừa qua, làng Cẩm Thanh (Đà Nẵng) lọt top 50 ngôi làng đẹp nhất thế giới, được tạp chí Forbes ví như “một bản giao hưởng sông nước”. Du khách có thể ngồi thuyền thúng xuyên qua rừng dừa Bảy Mẫu, tham gia lớp học nấu ăn giữa làng quê hay cùng ngư dân kéo lưới, thả chài.
Hình ảnh làng Cẩm Thanh của Việt Nam trên tạp chí Forbes (Ảnh: Forbes).
Điều đáng quý là mô hình du lịch cộng đồng ở đây vẫn giữ trọn nét xanh, hạn chế “bê tông hóa”, tận dụng vật liệu địa phương và biến mỗi trải nghiệm thành câu chuyện văn hóa sông nước miền Trung.
Tại Mộc Châu (Sơn La), với hơn 10.000ha cây ăn quả và hàng nghìn ha chè, rau, hoa màu, người dân đã phát triển hàng trăm mô hình du lịch nông nghiệp. Có thể kể đến hoạt động thăm nông trại bò sữa, vắt sữa, trồng rau, hái mận, học làm giấy dó hay chế biến món ăn dân tộc.
Những hoạt động này vừa tạo thu nhập, vừa giúp bảo tồn nghề truyền thống và hệ sinh thái vùng cao - đúng tinh thần làm du lịch nhưng không đánh đổi thiên nhiên.
Ở Lào Cai, các mô hình du lịch ruộng bậc thang, dệt thổ cẩm, chợ phiên vùng cao… được mở rộng, kết hợp phát triển sản phẩm nông nghiệp và quà lưu niệm mang bản sắc vùng biên.
Sở Du lịch tỉnh định hướng “phát triển đồng bộ hệ thống điểm đến nông thôn”, đặt cộng đồng dân cư làm chủ thể trung tâm. Nhờ vậy, du lịch tỉnh này không chỉ mang lại nguồn thu mới mà còn góp phần bảo tồn văn hóa tinh thần của đồng bào dân tộc.
Tại khu vực miền Tây, những tỉnh như Đồng Tháp, Cần Thơ hấp dẫn du khách với các tour “một ngày làm nông dân”: Hái trái, nấu ăn, đi xuồng giữa kênh rạch, câu cá, nghe đờn ca tài tử.
Đặc biệt, Cồn Sơn - mô hình du lịch cộng đồng do hơn 70 hộ dân cùng vận hành tại Cần Thơ - được xem là điển hình tiêu biểu. Ở đây, mỗi người dân vừa là chủ thể bảo tồn, vừa là “đại sứ văn hóa”, giúp du khách hiểu sâu hơn về ẩm thực và lối sống miền sông nước.
Phát triển nhưng không đánh mất bản sắc
Theo các chuyên gia, du lịch nông thôn gắn với di sản là “động lực kép”: Vừa tạo giá trị kinh tế, vừa hướng đến phát triển xanh và bền vững. Khi người dân làm du lịch, họ cũng chính là người bảo vệ cảnh quan, gìn giữ kiến trúc cổ và giảm rác thải nhựa.
Nhiều làng du lịch hiện đã chuyển sang sử dụng năng lượng sạch, ưu tiên vật liệu tự nhiên và phát triển mô hình “homestay xanh” vừa tiết kiệm vừa thân thiện môi trường.
Thực tế cho thấy, khi di sản được đặt trong vòng tuần hoàn của đời sống, được cộng đồng trân trọng và du khách trải nghiệm, việc bảo tồn không còn là gánh nặng mà trở thành niềm tự hào và động lực phát triển.
Mỗi làng nghề, tập quán, phong tục, nếu biết gắn với sản phẩm du lịch phù hợp, sẽ trở thành thương hiệu vùng, góp phần định hình bản sắc du lịch Việt Nam.
Khách Tây thích thú thưởng thức trái cây theo mùa và đờn ca tài tử đất phương Nam trong hành trình khám phá cù lao Thới Sơn (Đồng Tháp) (Ảnh: Mộc Khải).
Trong dòng chảy hiện đại hóa, việc giữ hồn quê không chỉ nằm ở mái ngói cũ hay con đường gạch đỏ, mà ở cách người dân sống cùng di sản, biến di sản thành sinh kế và niềm tự hào.
Du lịch nông thôn gắn với bảo tồn di sản chính là hướng phát triển nhân văn và bền vững, để nông thôn Việt Nam vừa đổi mới, vừa giữ được hồn cốt. Từ đó, để mỗi chuyến đi của du khách không chỉ là hành trình đến một vùng đất, mà còn là hành trình chạm vào ký ức và tinh thần của quê hương."
https://dantri.com.vn/doi-song/tranh-cai-chu-quan-o-ha-noi-noi-khach-lay-lai-1000-dong-la-khong-thoang-20251105080759666.htm,Tranh cãi chủ quán ở Hà Nội nói “khách lấy lại 1.000 đồng là không thoáng”,"(Dân trí) - Nữ chủ quán ăn trên phố Phạm Ngọc Thạch, Hà Nội khiến khách hàng bức xúc vì cho rằng việc chờ lấy 1.000 đồng tiền thừa là ""không thoáng"".","Trong đoạn video được chia sẻ trên các nền tảng, người phụ nữ bày tỏ quan điểm, nếu đơn hàng có giá 99.000 đồng, khách thanh toán 100.000 đồng, nên ""cho lại quán"" 1.000 đồng và đừng lấy lại.
Điều đáng nói là bà chủ nói chuyện với thái độ cười cợt, cho rằng có nơi khách thay vì lấy lại 1.000 đồng còn cho quán thêm 10.000 đồng.
Chủ quán ăn gây bức xúc sau khi đánh giá việc chờ lấy tiền thừa 1.000 đồng là không thoáng (Ảnh: Chụp màn hình).
""Nếu các bạn đến quán của tôi, ăn hết 99.000 đồng mà trả 100.000 đồng thì cho quán 1.000 đồng, như vậy rất xởi lởi. Con trai đi cạnh bạn gái mà lấy lại 1.000 đồng là... không thoáng"", chủ quán nói.
Đoạn video đã bị xoá khỏi kênh TikTok sau khi được chia sẻ rộng rãi và thu hút nhiều lượt tương tác. Các bình luận đều bày tỏ ý kiến bức xúc trước lời khuyên của chủ quán.
""Người ta có câu tích tiểu thành đại, 1.000 đồng cũng là tiền. Với những quán như thế này, dù 500 đồng, tôi sẵn sàng đứng chờ đợi để lấy lại"", tài khoản Ngoc Hao viết.
“Tôi luôn chi tiêu thoải mái cho những việc cần thiết. Với những thứ không xứng đáng, dù 1.000 đồng, tôi cũng cân nhắc"", một cư dân mạng bày tỏ.
Tài khoản Tam Nguyen viết: ""Trả lại tiền thừa dù chỉ 1.000 đồng là giá trị văn hóa của một con người. Tại sao chủ quán không hài lòng khi khách đòi lại tiền thừa. Số tiền nhỏ nhưng trở thành nguyên tắc phải tôn trọng khi kinh doanh"".
Theo tìm hiểu, người phát ngôn gây tranh cãi trong đoạn video là chị Thuỷ - chủ cơ sở bánh tôm Bà Lộc (phố Phạm Ngọc Thạch, Hà Nội).
Sau ồn ào liên quan đến phát ngôn ""chê khách đứng chờ lấy 1.000 đồng tiền thối là không thoáng"", chị Thủy đã đăng video, lên tiếng xin lỗi khách hàng trên trang Fanpage của quán.
Người này cho biết, bản thân vô cùng hối hận vì những phát ngôn thiếu cẩn trọng trong đoạn video được đăng tối 3/11.
""Ngay từ đầu, tôi không ngờ những lời nói nhất thời, gây ra hậu quả nghiêm trọng như vậy. Những bình luận tiêu cực và sự lan truyền của video là hồi chuông cảnh tỉnh để tôi nhận ra sai lầm của mình"", chị chia sẻ.
Theo chị Thủy, đoạn video được quay không nhằm mục đích ""làm nội dung bẩn"" hay đả kích bất kỳ cá nhân, tổ chức hay vùng miền nào.
Sau khi sự việc xảy ra, nữ chủ quán rơi vào trạng thái khủng hoảng tâm lý nghiêm trọng do phải đối mặt với hàng loạt bình luận tiêu cực trên mạng xã hội.
""Có lúc tôi đã tắt toàn bộ bình luận với suy nghĩ trốn tránh, chờ mọi chuyện lắng xuống. Tôi nhận ra mình không thể hành động vô trách nhiệm như vậy"", chị nói.
Nhận thấy sai lầm của mình, người phụ nữ đã chủ động quay lại quán ăn trên phố Phạm Ngọc Thạch để ghi hình, gửi lời xin lỗi đến mọi người.
""Tôi thật lòng cúi đầu xin lỗi và mong được tha thứ"", chị Thủy nói.
Sau khi đoạn video có lời xin lỗi được đăng tải, đa số bình luận của khách hàng vẫn bày tỏ bức xúc, không đồng tình với lời giải thích của chủ quán.
Tài khoản Thu Ba viết: ""Thái độ cười cợt rồi chê khách đòi 1.000 đồng tiền thừa mà bảo vạ miệng. Mọi người không phản ứng thì làm gì có video xin lỗi này"".
""Đấy là tính không tốt chứ không phải vạ miệng, thể hiện sự coi thường khách, trong khi tiền đó là của họ. Vì sao chủ quán tỏ thái độ coi thường người khác vì nhận lại tiền thừa của chính họ?"", tài khoản Nguyen Nguyen bày tỏ.
Tài khoản Thanh Ha viết: ""Khách không đến nữa thì một phần do sợ tư duy lấy lại tiền thừa 1.000 đồng của chị, phần lớn là sợ thái độ mỉa mai khách hàng trong clip đấy""."
https://dantri.com.vn/du-lich/khach-tay-hao-hung-khi-tham-gia-tour-don-dep-sau-lu-o-thai-nguyen-20251015114331715.htm,"Khách Tây hào hứng khi tham gia ""tour dọn dẹp sau lũ"" ở Thái Nguyên","(Dân trí) - Khi nhận được tin nhắn của anh Vũ Ngọc Sơn, hướng dẫn viên du lịch cũng là bạn quen, rủ về việc lên Thái Nguyên hỗ trợ dọn dẹp sau mưa lũ, anh Kai Johnson và Albert Maulabux vui vẻ nhận lời.","Tới Việt Namdu lịchrồi yêu đất nước này từ lúc nào, anh Kai Johnson (quốc tịch Mỹ) quyết định gắn bó. Anh tìm một công việc rồi ở lại Việt Nam.
Trong khi đó, anh Albert Maulabux (quốc tịch Hà Lan) từng tới đây du lịch trước đó. Cũng vì yêu thích Việt Nam nên vị khách người Hà Lan đã quay lại thêm lần nữa. Nhưng điều anh không ngờ, dịp quay lại lần này trùng luôn với thời điểm nhiều tỉnh thành phía Bắc phải hứng chịu những đợt mưa lũ liên tiếp.
Hai vị khách đến từ những vùng đất xa xôi có chung niềm đam mê khám phá Việt Nam. Tại đây, họ cũng có chung một người bạn: Đó là anh Vũ Ngọc Sơn, vốn là hướng dẫn viên du lịch.
Anh Sơn từng dẫn đoàn đưa anh Kai và Albert khám phá một số điểm đến nổi tiếng ở phía Bắc rồi dần dần họ trở thành bạn bè. Không chỉ đưa khách tham quan điểm đến, với mỗi tour, anh Sơn còn giúp những người bạn ngoại quốc hiểu rõ hơn vềvăn hóatập tục từng địa phương bằng cách hoà vào cuộc sống người dân.
Trong đợt mưa lũ vừa qua, nhiều tỉnh thành phía Bắc đều bị ảnh hưởng nặng nề, trong đó Thái Nguyên là địa phương chịu thiệt hại nặng nhất. Khi nghe tin nhiều nơi ở thành phố Thái Nguyên bị thiệt hại rất lớn sau bão, anh Sơn đã nhắn tin rủ anh Kai và Albert cùng tới hỗ trợ dọn dẹp.
Khách Tây nói gì khi tham gia ""tour dọn dẹp sau lũ"" ở Thái Nguyên (Nguồn video: Nhân vật cung cấp).
""Tôi nói vui với họ rằng, có muốn tham gia tour dọn dẹp sau mưa lũ không. Cả hai liền sắp xếp thời gian và vui vẻ nhận lời"", anh Sơn chia sẻ.
Tranh thủ vào ngày 12/10 cũng là cuối tuần, cả nhóm có mặt ở thành phố Thái Nguyên từ sáng sớm. Khu vực cả nhóm tham gia hỗ trợ vốn là một khu vui chơi dành cho trẻ nhỏ, nhưng nay đã tan hoang sau mưa lũ.
Cảm nhận đầu tiên của 2 vị khách ngoại quốc khi bước chân vào trong là quang cảnh hoang tàn. Bùn đất còn bám dính trên tường và trần nhà. Rác rưởi ở khắp nơi dồn về, bốc mùi hôi thối. Toàn bộ trang thiết bị từng được đầu tư rất nhiều, nay đều hỏng hóc. Những vật dụng từng ngâm trong nước lũ, nay không thể tiếp tục sử dụng.
Vì khu vực bên trong quá rộng, cả nhóm có thêm sự hỗ trợ của 4 người khác, cùng nhau thu dọn từ sáng sớm. Ban đầu, họ cũng hoang mang không biết phải dọn từ đâu vì khối lượng công việc quá lớn.
Suốt quá trình dọn dẹp, công việc chính của cả nhóm là thu gom những vật dụng có thể rửa sạch để tái sử dụng.
Họ thu gom phần rác thải dính bết bùn đất ra ngoài rồi dọn rửa từng phần bên trong. Anh Sơn nhận định, do khu vực cần dọn dẹp quá rộng nên công việc xử lý sau mưa lũ có thể kéo dài cả tuần, cần những nhân viên chuyên nghiệp để hỗ trợ.
Trong khi đó, anh Albert bày tỏ sự tiếc nuối khi tận mắt chứng kiến cảnh thành phố vốn sầm uất sạch đẹp trước đó, nay bị ảnh hưởng nặng nề. Bùn đất và rác thải ở khắp nơi chờ xử lý.
Anh cho rằng việc cả nhóm tới hỗ trợ trong một ngày chỉ chủ yếu mang tính động viên tinh thần và hy vọng người dân địa phương sớm sốc lại tinh thần, cùng nhau vượt qua khó khăn.
Cũng do ảnh hưởng từ mưa lũ liên tiếp, công việc làm hướng dẫn viên du lịch của anh Sơn liên tục phải hoãn hủy, thay đổi lịch trình.
Anh Sơn cho biết, trong nhiều năm làm nghề, anh nhận thấy khách nước ngoài không còn quá mặn mà với các điểm du lịch đông đúc, vì thế anh chuyển hướng đưa họ trải nghiệm cuộc sống người dân địa phương.
""Đưa khách trải nghiệm tour dọn dẹp sau lũ chỉ là cách tôi nói vui. Nhưng thực tế, tôi muốn cho bạn bè quốc tế hiểu được người dân Việt Nam đang vất vả vượt qua khó khăn sau mưa lũ thế nào?"", anh Sơn nói.
Được biết, trước đó nam hướng dẫn viên du lịch này từng dẫn khách trải nghiệm tour ""thăm bà đẻ"", đi chợ mua gà thay vì đi đò tham quan Tràng An (Ninh Bình), dẫn đoàn ra khu nghĩa trang để tìm hiểu về văn hóa, phong tục, nghi thức chôn cất và cải táng ở Việt Nam."
https://dantri.com.vn/du-lich/sa-pa-mu-cang-chai-moc-chau-ra-sao-sau-nhieu-dot-mua-lu-lon-20251015162145924.htm,"Sa Pa, Mù Cang Chải, Mộc Châu ra sao sau nhiều đợt mưa lũ lớn?","(Dân trí) - Các điểm du lịch hút khách tại một số địa phương phía Bắc bị ảnh hưởng đợt mưa lũ hiện đều đón khách trở lại. Tuy nhiên, một số nơi ghi nhận lượng khách sụt giảm.","Ngày 15/10, trao đổi với phóng viênDân trí, ông Hà Quốc Trung - Trưởng phòng Quản lý và Phát triển Du lịch, Sở Văn hóaThể thaovà Du lịch Lào Cai - đã cập nhật tình hình tại Sa Pa và Mù Cang Chải sau 2 cơn bão lớn.
Ông Trung nhấn mạnh sự phục hồi tích cực dù còn một số thách thức cục bộ. Về giao thông, ông Trung cho biết, tất cả trục đường chính đến Sa Pa và Mù Cang Chải cơ bản đã thông xe, khách có thể di chuyển thuận lợi.
Riêng tại khu vực đèo Khau Phạ lên Mù Cang Chải vẫn chưa thể khắc phục sạt lở hoàn toàn sau bão, chỉ xe dưới 7 chỗ lưu thông được. Phương án thay thế được ông Trung khuyến cáo là đi theo hướng từ Sa Pa sang Mù Cang Chải để đảm bảo an toàn.
Theo ông Trung, thời gian qua do ảnh hưởng của mưa lũ, lượng khách nội địa tới Lào Cai giảm 35-40%. Tâm lý e ngại và điều kiện kinh tế bị ảnh hưởng do lũ lụt khiến nhiều người ngừng tour du lịch.
Một sốsự kiệnđịa phương trong đó có giải chạy địa hình đầu tháng 10 tại Mù Cang Chải phải hủy, hoãn khiến lượng khách tại đây giảm mạnh.
Trái ngược với khách nội địa, lượng khách quốc tế đến Lào Cai vẫn ổn định. Theo rà soát của Phòng Quản lý và Phát triển Du lịch, hầu như không có khách quốc tế nào hủy tour, nhiều đoàn vẫn giữ nguyên lịch trình.
""Khách quốc tế luôn chuẩn bị tâm lý cho sự thay đổi về thời tiết. Các khách sạn lớn ở Sa Pa, Mù Cang Chải vẫn hoạt động ổn định, đạt công suất 70-80%, chủ yếu nhờ khách ngoại”, ông Trung nói.
Theo một hướng dẫn viên địa phương, lúa tại Mù Cang Chải đã gặt khoảng 50%, lúa tại các khu vực như Móng Ngựa, Mâm Xôi vẫn giữ đến hết tháng 11 (Ảnh: Lê Xuân Bách).
Cũng theo Trưởng phòng Quản lý và Phát triển Du lịch, hiện tại các điểm du lịch hoạt động bình thường, cảnh quan vẫn giữ nguyên vẻ đẹp hùng vĩ. Thời gian tới, Sa Pa tổ chức nhiềulễ hộihấp dẫn du khách như lễ hội tuyết, hội chợ ẩm thực, các hoạt động giao lưu văn hóa…
Tổng thể, ông Trung khẳng định, du lịch Lào Cai đã ổn định, với nhiều phương án linh hoạt để du khách yên tâm khám phá. Sở cũng thành lập đoàn hỗ trợ các địa phương lân cận như Cao Bằng, Thái Nguyên, đồng thời bám sát tình hình để hỗ trợdoanh nghiệpgặp khó khăn.
Trong khi đó, ông Trần Xuân Việt - Phó Giám đốc Sở Văn hóa, Thể thao vàDu lịchtỉnh Sơn La - cho biết, cơn bão số 10 và số 11 đã gây ngập cục bộ, sạt lở một số nơi, song không gây ảnh hưởng tới các khu, điểm du lịch trọng điểm như Mộc Châu, Vân Hồ, Quỳnh Nhai hay Mường La.
Các tuyến giao thông đến các khu, điểm du lịch vẫn an toàn sau lũ, du khách có thể di chuyển bình thường.
Theo ông Việt, thời gian qua chưa phải là mùa du lịch cao điểm tại Mộc Châu nên chưa có quá đông khách đến với khu vực này. Từ đầu tháng 11, lượng khách sẽ đông và tăng dần để đến chiêm ngưỡng các vườn hồng, vườn hoa cải, hoa dã quỳ… cùng các điểm đến truyền thống như đồi chè, rừng thông, các ngọn thác.
Khi phóng viên đặt câu hỏi về tình hình hiện tại của thác Bản Giốc (một trong những điểm tham quan hút khách bậc nhất thuộc tỉnh Cao Bằng), đại diện ban quản lý cho biết, trước đó do ảnh hưởng của nhiều đợt mưa lũ, điểm đến này phải tạm đóng cửa 2 lần liên tiếp.
Du khách chụp ảnh ở suối Lê Nin, hang Pác Bó, Cao Bằng (Ảnh: Quee Nie).
Lần đầu, khu du lịch tạm ngừng đón khách từ 30/9 đến 3/10 do ảnh hưởng của cơn bão số 10. Đến lần thứ 2, Cao Bằng có mưa to kéo dài, tiềm ẩn nguy cơ ngập lụt, lũ quét và sạt lở đất. Ngày 7/10, ban quản lý đưa ra quyết định tạm dừng đón khách cho tới khi thời tiết ổn định, mực nước rút xuống ở ngưỡng an toàn.
Sau thời gian tạm dừng hoạt động nhằm đảm bảo an toàn và khắc phục hậu quả cơn bão số 11, ban quản lý cho biết đã đón khách trở lại từ ngày 10/10. Mực nước tại khu vực thác đã rút xuống nhằm đảm bảo điều kiện tham quan an toàn đối với du khách.
Tuy nhiên, ban quản lý khu du lịch vẫn khuyến nghị toàn thể du khách tuyệt đối tuân thủ các quy định tham quan, chủ động lắng nghe và chấp hành nghiêm chỉnh mọi hướng dẫn của nhân viên. Ngoài ra, du khách nên di chuyển cẩn thận, tránh các khu vực cảnh báo ngập nước gây nguy hiểm để chuyến đi trọn vẹn và an toàn nhất.
Ông Lại Quốc Tĩnh - Chủ tịch Hiệp hội Du lịch tỉnh Tuyên Quang - cho biết, khu vực Hà Giang (cũ) hiện bị giảm tỷ suất đặt phòng khoảng 30% so với thời điểm trước đó. Do ảnh hưởng tâm lý mưa lũ, hiện Hà Giang (cũ) đón khách nội địa không cao, khách nước ngoài chiếm tỷ lệ trên 50%.
Khách nước ngoài khám phá cung đường Hà Giang (Ảnh: Chaos With Jazz).
Ông Tĩnh đánh giá, với tình hình hiện tại, cuối tháng 10 đầu tháng 11, khu vực Hà Giang (cũ) mới bắt đầu đón lượng khách nội địa quay trở lại để săn hoa tam giác mạch.
Hiện các điểm đến nổi tiếng như cao nguyên đá Đồng Văn, sông Nho Quế mở cửa hoạt động bình thường. Cổng chào Đồng Văn sau khi bị đổ sập được chính quyền dọn dẹp, khắc phục ngay trong ngày.
Đường tới khu vực sạt lở trước đó hiện cơ bản thông tuyến. Với điểm đến thác Du Già, khách vẫn có thể tới tham quan khi điều kiện cho phép. Ông Tĩnh cũng khuyến cáo du khách nên liên tục cập nhật thông tin thời tiết nhằm đảm bảo chuyến đi an toàn."
https://dantri.com.vn/du-lich/lu-cuon-cuon-nhu-thac-chay-qua-ban-o-sa-pa-van-con-khach-bi-mac-ket-20250930151623661.htm,"Lũ cuồn cuộn như thác chảy qua bản ở Sa Pa, vẫn còn khách bị mắc kẹt","(Dân trí) - Ông Hà Quốc Trung, Trưởng phòng quản lý phát triển du lịch Sở VHTT&DL tỉnh Lào Cai cho biết, ở thời điểm hiện tại có hơn 3.700 khách thuộc 68 quốc tịch lưu trú tại Sa Pa bị mắc kẹt.","Chiều tối ngày 29/9, khi có việc phải đi qua bản Cát Cát (xã Hoàng Liên, thị xã Sa Pa, tỉnh Lào Cai), chị Ngọc Ánh bất ngờ chứng kiến cảnh nước lũ tràn về cuồn cuộn như thác cuốn.
Cảnh tượng nguy hiểm có thể gây sạt lở bất cứ lúc nào khiến chị Ánh vội lấy điện thoại ghi hình và chia sẻ lên trang cá nhân với mục đích muốn cảnh báo người dân và du khách nên thận trọng khi tới Sa Pa cũng như các điểm vùng núi có nguy cơ ngập úng vì mưa lũ.
Lũ cuồn cuộn như thác chảy qua bản du lịch ở Sa Pa (Nguồn video: Ngọc Ánh).
Được biết, do ảnh hưởng của bão số 10 khiến dòng nước từ thượng nguồn đổ về suối Thác Tiên Sa ở bản Cát Cát, mang theo lượng lớn bùn đất đục ngầu, tiềm ẩn nhiều nguy hiểm. Bản thân chị Ánh hiện bị kẹt lại ở Sa Pa, chưa thể quay lại Lào Cai làm việc.
Theo khảo sát nhanh của phóng viênDân trí, hiện các tour tới Sa Pa hầu hết đều hỗ trợ khách dời lịch, lùi lịch. Một đơn vị lữ hành có trụ sở tại Hà Nội cho biết, ngay từ thời điểm cơn bão số 10 xuất hiện, đơn vị này chủ động liên hệ với khách sạn hỗ trợ đổi lịch mới cho khách.
Cụ thể, với những khách có nhu cầu sẽ đổi lịch sang tháng 10. Khách không được hoàn tiền, chỉ hỗ trợ bảo lưu vé đặt. Khi các tuyến đường ở Sa Pa lưu thông trở lại, khách được hỗ trợ chọn ngày, khách sạn theo nhu cầu.
Hiện giá combo đi Sa Pa của đơn vị đang chào bán trên thị trường (gồm xe cabin giường nằm kèm khách sạn) dao động từ 1 đến 2 triệu đồng/khách/chuyến. Đại diện đơn vị cho biết họ đang có khoảng 60 khách bị mắc kẹt ở Sa Pa tính tới thời điểm hiện tại.
Trao đổi với phóng viênDân trí, ông Hà Quốc Trung, Trưởng phòng quản lý phát triểndu lịchthuộc Sở Văn hóa Thể thao và Du lịch tỉnh Lào Cai cho biết, tính tới trưa 30/9, tổng lượng khách quốc tế đang lưu trú tại khu du lịch quốc gia Sa Pa bị mắc kẹt do ảnh hưởng của mưa bão bao gồm phường Sa Pa (khoảng 3.792 khách thuộc 68 quốc tịch), xã Bản Hồ 27 khách. Các địa bàn khác hiện chưa ghi nhận tình trạng khách bị kẹt lại.
Qua trao đổi sơ bộ với Ban quản lýGiao thôngtỉnh, giao thông tuyến Lào Cai - Sa Pa đã thông, hiện tại đã lưu thông được phương tiện xe ô tô 7 chỗ trở xuống.
Trước tình trạng nhiều khách bị mắc kẹt chưa thể rời khỏi Sa Pa, ông Phạm Cao Vỹ, Chủ tịch Hiệp hội Du lịch tỉnh Lào Cai cùng các thành viên trong Hiệp hội Du lịch kêu gọi các đơn vị chung tay hỗ trợ du khách bằng những hoạt động thiết thực như giảm giá phòng nghỉ, giảm giá suất ăn, giảm giá vé xe, hoặc có những hình thức hỗ trợ khác để chia sẻ gánh nặng với du khách.
Ông Vỹ cho rằng, đây không chỉ là sự giúp đỡ kịp thời, còn là thông điệp mạnh mẽ về tinh thần nhân văn, trách nhiệm và sự đoàn kết của cộng đồngdoanh nghiệpdu lịch Sa Pa. Chính sự sẻ chia hôm nay sẽ tạo dựng niềm tin, sự gắn bó của du khách, góp phần xây dựng hình ảnh Sa Pa là điểm đến an toàn, thân thiện, bền vững.
Nhằm đảm bảo an toàn cho du khách, Sở Văn hóa Thể thao và Du lịch tỉnh Lào Cai cũng khuyến cáo các điểm du lịch, doanh nghiệp lữ hành, cơ sở lưu trú cần chủ động xây dựng phương án ứng phó với bão, theo dõi sát diễn biến thời tiết, tạm dừng hoặc điều chỉnh các chương trình tham quan, tour du lịch tại khu vực nguy hiểm (có nguy cơ sạt lở, ngập lụt, lũ quét).
Cùng với đó, các đơn vị này cần kịp thời thông báo cho du khách về tình hình thời tiết, phương án điều chỉnh lịch trình nhằm đảm bảo an toàn, bố trí lực lượng 24/24h và chuẩn bị sẵn phương tiện thiết bị sơ tán du khách khi cần thiết."
https://dantri.com.vn/du-lich/mot-ty-phu-the-gioi-du-kien-di-truc-thang-trai-nghiem-ha-long-dung-dip-29-20250828171016745.htm,"Một tỷ phú thế giới dự kiến đi trực thăng, trải nghiệm Hạ Long đúng dịp 2/9","(Dân trí) - Trong nhóm du khách có một vị khách là nhà tỷ phú thế giới, dự kiến sẽ đi trực thăng hạ cánh tại sân bay Vân Đồn (tỉnh Quảng Ninh) trong chuyến đi 3 ngày 2 đêm vào dịp lễ Quốc khánh.","Theo nguồn tin riêng của phóng viênDân trítừ tỉnh Quảng Ninh, đoàn khách cao cấp gồm 4 người, trong đó có một nhà tỷ phú thế giới, dự kiến sẽ di chuyển bằng máy bay trực thăng từ Hà Nội, hạ cánh xuống sân bay Vân Đồn (tỉnh Quảng Ninh) vào khoảng trưa 2/9.
Dự kiến, đoàn khách sẽ ở Quảng Ninh 3 ngày 2 đêm, trong đó chủ yếu trải nghiệm tại vịnh Hạ Long. Giống như một số hoạt động của nhóm khách tỷ phú, triệu phúthế giớitừng tới Hạ Long trước đó, địa điểm nơi nhóm khách lựa chọn trải nghiệm sẽ là khu vực riêng biệt, yên tĩnh, nơi nguyên sơ.
Trước đó hồi tháng 2 năm nay, 2 triệu phú người Mỹ gồm ông Jeff Grinspoon và Jon Thomas Foley, di chuyển từ Hà Giang về Gia Lâm (Hà Nội) bằng trực thăng, rồi tiếp tục sử dụng loại phương tiện này để tới Vân Đồn trong tour 3 ngày 2 đêm trải nghiệm vịnh Hạ Long.
Lịch trình tham quan xây dựng cho các vị khách cao cấp đòi hỏi phải có sự khác biệt chưa từng có, trải nghiệm an toàn với phương án an ninh cần đặt ra hàng đầu, điểm đến hoang sơ nhưng vẫn cần nét đặc trưngvăn hóabản địa. Đây là những yêu cầu được coi ""khó nhằn"" và không phải đơn vị lữ hành nào của Việt Nam cũng đủ sức đáp ứng.
Chuyến đi được hai vị khách đánh giá ""rất hài lòng, là một trong những chương trình có ý nghĩa nhất"".
Thời gian qua, vịnh Hạ Long liên tục trở thành điểm đến của nhóm khách cao cấp như gia đình các tỷ phú, triệu phú thế giới lựa chọn. Một số đám cưới của gia đình tỷ phú Ấn Độ cũng được tổ chức tại vịnh Hạ Long.
Hiện Quảng Ninh được đánh giá làm rất tốt trong việc phát triển các tourdu lịchhạng sang.
Cụ thể, ngành du lịch của tỉnh sắp đưa vào khai thác 3 bãi tắm Soi Sim, Hang Cỏ, Trinh Nữ trên vịnh Hạ Long, cũng như xác định 7 khu vực đảo hoang sơ và bãi tắm dành cho phân khúc khách tỉ phú, siêu sang thuộc 1% dân số thế giới.
Đồng thời, địa phương đang nỗ lực nâng cao trải nghiệm du lịch thông qua kết nối dịch vụ du thuyền riêng đến các đảo gần đó hoặc dịch vụ đưa đón bằng trực thăng, cung cấp các trải nghiệm văn hóa theo yêu cầu.
Trong năm nay, tỉnh Quảng Ninh đặt mục tiêu đón 20 triệu lượt khách. Trong đó có 15,5 triệu lượt khách nội địa và 4,5 triệu lượt khách quốc tế. Ngoài ra, tỉnh này cũng kỳ vọng tổng thu từ hoạt động du lịch sẽ đạt 50.000 tỷ đồng."
https://dantri.com.vn/du-lich/sau-video-tai-nan-tau-dam-ban-ghe-pho-ca-phe-duong-tau-van-nhon-nhip-khach-20251012090914423.htm,"Sau video tai nạn tàu đâm bàn ghế, phố cà phê đường tàu vẫn nhộn nhịp khách","(Dân trí) - Nhiều khách du lịch trong và ngoài nước vẫn đổ về đông kín phố cà phê đường tàu (Hà Nội) bất chấp hình ảnh tàu kéo lê bàn ghế trên mạng xã hội, cảnh báo có thể xảy ra tai nạn bất cứ lúc nào.","Sau video tai nạn tàu đâm bàn ghế, phố cà phê đường tàu vẫn nhộn nhịp khách (Video: Nguyễn Quỳnh Anh)."
https://dantri.com.vn/du-lich/khach-tay-thich-thu-mua-do-choi-trung-thu-pho-hang-ma-ve-tang-con-chau-20251005061011750.htm,"Khách Tây thích thú mua đồ chơi Trung thu phố Hàng Mã về tặng con, cháu","(Dân trí) - Sát Tết Trung thu, phố Hàng Mã (Hà Nội) thu hút đông đảo du khách đến tham quan, mua sắm. Nhiều người nước ngoài thích thú tìm mua những đồ chơi đặc trưng làm quà tặng người thân, trang trí nhà cửa.","Khách Tây thích thú mua đồ chơi Trung thu phố Hàng Mã về tặng con, cháu (Video: Quỳnh Anh)."
